timestamp,project_name,run_id,experiment_id,duration,emissions,emissions_rate,cpu_power,gpu_power,ram_power,cpu_energy,gpu_energy,ram_energy,energy_consumed,water_consumed,country_name,country_iso_code,region,cloud_provider,cloud_region,os,python_version,codecarbon_version,cpu_count,cpu_model,gpu_count,gpu_model,longitude,latitude,ram_total_size,tracking_mode,cpu_utilization_percent,gpu_utilization_percent,ram_utilization_percent,ram_used_gb,on_cloud,pue,wue
2026-04-29T02:15:00,trove_bug_detection,0b967e5e-a12b-45a1-8425-b725ee86b408,5b0fa12a-3dd7-45bb-9766-cc326314d9f1,2.2206111999985296,4.376464094179496e-06,1.970837620823669e-06,6.4018874368,2.5907845141788988,10.0,3.0540225356816112e-06,1.5961123880012251e-06,4.7700027777965365e-06,9.420137701479372e-06,0.0,Türkiye,TUR,istanbul,,,Windows-11-10.0.26200-SP0,3.13.13,3.2.6,16,12th Gen Intel(R) Core(TM) i7-12650H,1,1 x NVIDIA GeForce RTX 3050 Laptop GPU,28.9913,41.0651,15.63100814819336,machine,0.0,0.0,0.0,0.0,N,1.0,0.0
2026-04-29T02:25:18,trove_bug_detection,57851126-5e91-47c5-b7bb-660c296711a7,5b0fa12a-3dd7-45bb-9766-cc326314d9f1,2.919757999989088,4.246341523792809e-06,1.4543470807541855e-06,6.4031606272,2.134635278589035,10.0,3.054674911582465e-06,1.315278829999017e-06,4.77010111111061e-06,9.140054852692091e-06,0.0,Türkiye,TUR,istanbul,,,Windows-11-10.0.26200-SP0,3.13.13,3.2.6,16,12th Gen Intel(R) Core(TM) i7-12650H,1,1 x NVIDIA GeForce RTX 3050 Laptop GPU,28.9913,41.0651,15.63100814819336,machine,0.0,0.0,0.0,0.0,N,1.0,0.0
2026-04-29T02:32:46,trove_bug_detection,2d73cc16-47a9-4230-a48b-4949ee33dbfa,5b0fa12a-3dd7-45bb-9766-cc326314d9f1,1.5160409000091022,2.887181176253928e-06,1.904421692209355e-06,6.400533433600001,3.786170680858653,10.0,1.8035487114550904e-06,1.59361238600067e-06,2.817363611110421e-06,6.214524708566182e-06,0.0,Türkiye,TUR,istanbul,,,Windows-11-10.0.26200-SP0,3.13.13,3.2.6,16,12th Gen Intel(R) Core(TM) i7-12650H,1,1 x NVIDIA GeForce RTX 3050 Laptop GPU,28.9913,41.0651,15.63100814819336,machine,0.0,0.0,0.0,0.0,N,1.0,0.0
2026-04-29T02:32:52,trove_bug_detection,fe78f69a-b11d-49f9-b58e-b184ab1255f2,5b0fa12a-3dd7-45bb-9766-cc326314d9f1,1.5189561000006506,3.0511778866834363e-06,2.008733423357087e-06,6.4001265472,4.60937512199771,10.0,1.805507699582504e-06,1.941390442001742e-06,2.8206219444352124e-06,6.5675200860194585e-06,0.0,Türkiye,TUR,istanbul,,,Windows-11-10.0.26200-SP0,3.13.13,3.2.6,16,12th Gen Intel(R) Core(TM) i7-12650H,1,1 x NVIDIA GeForce RTX 3050 Laptop GPU,28.9913,41.0651,15.63100814819336,machine,0.0,0.0,0.0,0.0,N,1.0,0.0
2026-04-29T02:33:00,trove_bug_detection,f732b58f-0497-477b-9228-e4e3732f6d1f,5b0fa12a-3dd7-45bb-9766-cc326314d9f1,2.916441399996984,4.246738390380759e-06,1.456137054694516e-06,6.402917612800002,2.1205351229868783,10.0,3.057966932663827e-06,1.307501046000567e-06,4.775441111107487e-06,9.14090908977188e-06,0.0,Türkiye,TUR,istanbul,,,Windows-11-10.0.26200-SP0,3.13.13,3.2.6,16,12th Gen Intel(R) Core(TM) i7-12650H,1,1 x NVIDIA GeForce RTX 3050 Laptop GPU,28.9913,41.0651,15.63100814819336,machine,0.0,0.0,0.0,0.0,N,1.0,0.0
2026-04-29T02:33:09,trove_bug_detection,da42bacf-b07e-44dd-a6a8-e81431851bfe,5b0fa12a-3dd7-45bb-9766-cc326314d9f1,2.9021397000033176,4.211030943068594e-06,1.451009041040919e-06,6.4034167744,2.075082866215288,10.0,3.041118876645509e-06,1.2741676859995277e-06,4.748763888872216e-06,9.064050451517252e-06,0.0,Türkiye,TUR,istanbul,,,Windows-11-10.0.26200-SP0,3.13.13,3.2.6,16,12th Gen Intel(R) Core(TM) i7-12650H,1,1 x NVIDIA GeForce RTX 3050 Laptop GPU,28.9913,41.0651,15.63100814819336,machine,0.0,0.0,0.0,0.0,N,1.0,0.0
2026-04-29T02:33:15,trove_bug_detection,ce17ee69-038f-404c-a3ed-b42773fc7a14,5b0fa12a-3dd7-45bb-9766-cc326314d9f1,1.5171118999860482,2.895716331313788e-06,1.908703195420468e-06,6.4001265472,3.815223976952389,10.0,1.8053268960019592e-06,1.6072235079992586e-06,2.820345833323599e-06,6.232896237324817e-06,0.0,Türkiye,TUR,istanbul,,,Windows-11-10.0.26200-SP0,3.13.13,3.2.6,16,12th Gen Intel(R) Core(TM) i7-12650H,1,1 x NVIDIA GeForce RTX 3050 Laptop GPU,28.9913,41.0651,15.63100814819336,machine,0.0,0.0,0.0,0.0,N,1.0,0.0
2026-04-29T02:33:22,trove_bug_detection,c759b5b6-717e-4f61-9d0e-c747e8d81504,5b0fa12a-3dd7-45bb-9766-cc326314d9f1,1.5170616000104928,2.895806808096199e-06,1.908826120228849e-06,6.400029491200001,3.811595129508437,10.0,1.8060374777481887e-06,1.6055568400012016e-06,2.821496666688796e-06,6.233090984438185e-06,0.0,Türkiye,TUR,istanbul,,,Windows-11-10.0.26200-SP0,3.13.13,3.2.6,16,12th Gen Intel(R) Core(TM) i7-12650H,1,1 x NVIDIA GeForce RTX 3050 Laptop GPU,28.9913,41.0651,15.63100814819336,machine,0.0,0.0,0.0,0.0,N,1.0,0.0
2026-04-29T02:33:29,trove_bug_detection,44a43c25-5032-4ecd-93c9-e0aa28116c98,5b0fa12a-3dd7-45bb-9766-cc326314d9f1,2.217594800007646,2.561470828365643e-06,1.1550671152172667e-06,6.4000995328000005,2.1013950650344624,10.0,1.8060899545414795e-06,8.858340419994754e-07,2.8215241666960843e-06,5.513448163237039e-06,0.0,Türkiye,TUR,istanbul,,,Windows-11-10.0.26200-SP0,3.13.13,3.2.6,16,12th Gen Intel(R) Core(TM) i7-12650H,1,1 x NVIDIA GeForce RTX 3050 Laptop GPU,28.9913,41.0651,15.63100814819336,machine,0.0,0.0,0.0,0.0,N,1.0,0.0
2026-04-29T02:33:37,trove_bug_detection,177e7ae6-2afe-4cb2-ac40-94484e0aef3a,5b0fa12a-3dd7-45bb-9766-cc326314d9f1,2.215157700004056,4.347592030694824e-06,1.962655765179546e-06,6.400395078400001,2.529860452109901,10.0,3.0451431681277374e-06,1.5555567999987752e-06,4.757291944446883e-06,9.357991912573397e-06,0.0,Türkiye,TUR,istanbul,,,Windows-11-10.0.26200-SP0,3.13.13,3.2.6,16,12th Gen Intel(R) Core(TM) i7-12650H,1,1 x NVIDIA GeForce RTX 3050 Laptop GPU,28.9913,41.0651,15.63100814819336,machine,0.0,0.0,0.0,0.0,N,1.0,0.0
2026-04-29T02:33:44,trove_bug_detection,439201c7-996b-451e-bb37-3af159cb0f82,5b0fa12a-3dd7-45bb-9766-cc326314d9f1,2.2503675000043586,4.434799669497995e-06,1.9707001942968894e-06,6.4031606272,2.524280587587864,10.0,3.1107116382272308e-06,1.5775012620015266e-06,4.857489444435083e-06,9.54570234466384e-06,0.0,Türkiye,TUR,istanbul,,,Windows-11-10.0.26200-SP0,3.13.13,3.2.6,16,12th Gen Intel(R) Core(TM) i7-12650H,1,1 x NVIDIA GeForce RTX 3050 Laptop GPU,28.9913,41.0651,15.63100814819336,machine,0.0,0.0,0.0,0.0,N,1.0,0.0
2026-04-29T02:33:51,trove_bug_detection,cf684be2-dcd6-413a-bc88-eba0dd186774,5b0fa12a-3dd7-45bb-9766-cc326314d9f1,1.51829859999998,2.915156353561739e-06,1.9200151759092563e-06,6.400533433600001,3.8920163821658247,10.0,1.8086200674342168e-06,1.6408346460005524e-06,2.8252852777869624e-06,6.274739991221731e-06,0.0,Türkiye,TUR,istanbul,,,Windows-11-10.0.26200-SP0,3.13.13,3.2.6,16,12th Gen Intel(R) Core(TM) i7-12650H,1,1 x NVIDIA GeForce RTX 3050 Laptop GPU,28.9913,41.0651,15.63100814819336,machine,0.0,0.0,0.0,0.0,N,1.0,0.0
2026-04-29T02:44:41,trove_bug_detection,c7dd537a-8005-4f4e-96bd-2387459505d3,5b0fa12a-3dd7-45bb-9766-cc326314d9f1,20.159743900003377,8.467139992995191e-05,4.200023589086255e-06,6.447677497600001,25.00260411159695,10.0,1.900851419518083e-05,0.0001337773292439,2.94654511111326e-05,0.0001822512945503,0.0,Türkiye,TUR,istanbul,,,Windows-11-10.0.26200-SP0,3.13.13,3.2.6,16,12th Gen Intel(R) Core(TM) i7-12650H,1,1 x NVIDIA GeForce RTX 3050 Laptop GPU,28.9913,41.0651,15.63100814819336,machine,0.0,48.888888888888886,69.40555555555555,10.848593393961588,N,1.0,0.0
2026-04-29T02:45:05,trove_bug_detection,f936cb67-220e-4244-9cc5-0a891776360a,5b0fa12a-3dd7-45bb-9766-cc326314d9f1,19.42125300000771,7.860804839784632e-05,4.047527129058827e-06,6.457913678933332,23.823868086807447,10.0,1.8457247311170447e-05,0.0001221700977359,2.857286416672448e-05,0.0001692002092138,0.0,Türkiye,TUR,istanbul,,,Windows-11-10.0.26200-SP0,3.13.13,3.2.6,16,12th Gen Intel(R) Core(TM) i7-12650H,1,1 x NVIDIA GeForce RTX 3050 Laptop GPU,28.9913,41.0651,15.63100814819336,machine,0.0,62.0,69.14117647058823,10.805660696590648,N,1.0,0.0
2026-04-29T02:45:26,trove_bug_detection,3b544f24-725b-453f-bf0b-a68d42f96521,5b0fa12a-3dd7-45bb-9766-cc326314d9f1,16.428939299992635,7.41061685366714e-05,4.510709254169843e-06,6.44037464384,27.220354433979903,10.0,1.589710358188832e-05,0.000118935650704,2.4677365555584813e-05,0.0001595101198414,0.0,Türkiye,TUR,istanbul,,,Windows-11-10.0.26200-SP0,3.13.13,3.2.6,16,12th Gen Intel(R) Core(TM) i7-12650H,1,1 x NVIDIA GeForce RTX 3050 Laptop GPU,28.9913,41.0651,15.63100814819336,machine,7.142857142857143,57.142857142857146,68.51428571428572,10.711219242640905,N,1.0,0.0
2026-04-29T02:45:47,trove_bug_detection,d544f667-f1b9-4ca5-89d8-72576798d5d6,5b0fa12a-3dd7-45bb-9766-cc326314d9f1,16.617245700006606,7.622781560820386e-05,4.587271379647083e-06,6.439214868399999,27.584468050114307,10.0,1.7156265530820438e-05,0.0001202878740079,2.663272805556416e-05,0.0001640768675943,0.0,Türkiye,TUR,istanbul,,,Windows-11-10.0.26200-SP0,3.13.13,3.2.6,16,12th Gen Intel(R) Core(TM) i7-12650H,1,1 x NVIDIA GeForce RTX 3050 Laptop GPU,28.9913,41.0651,15.63100814819336,machine,0.0,51.8,68.57333333333332,10.719001770019531,N,1.0,0.0
2026-04-29T02:46:09,trove_bug_detection,ea87e9da-7269-4840-83cc-718f7b478881,5b0fa12a-3dd7-45bb-9766-cc326314d9f1,16.510165300001972,7.635292885826083e-05,4.624601115183972e-06,6.436139773440002,28.22481554621301,10.0,1.6040651334508046e-05,0.0001234017653879,2.4903751389016787e-05,0.0001643461681115,0.0,Türkiye,TUR,istanbul,,,Windows-11-10.0.26200-SP0,3.13.13,3.2.6,16,12th Gen Intel(R) Core(TM) i7-12650H,1,1 x NVIDIA GeForce RTX 3050 Laptop GPU,28.9913,41.0651,15.63100814819336,machine,0.0,50.42857142857143,68.63571428571429,10.725205557686945,N,1.0,0.0
2026-04-29T02:46:30,trove_bug_detection,6291c41b-245d-4491-8d7b-9b3071dc10e8,5b0fa12a-3dd7-45bb-9766-cc326314d9f1,16.779015000007348,7.746618365205214e-05,4.6168492996769e-06,6.4495002022,26.79004479741569,10.0,1.7449283098980722e-05,0.000122270375594,2.7022739166730184e-05,0.0001667423978597,0.0,Türkiye,TUR,istanbul,,,Windows-11-10.0.26200-SP0,3.13.13,3.2.6,16,12th Gen Intel(R) Core(TM) i7-12650H,1,1 x NVIDIA GeForce RTX 3050 Laptop GPU,28.9913,41.0651,15.63100814819336,machine,0.0,62.8,68.99333333333334,10.78440653483073,N,1.0,0.0
2026-04-29T02:46:51,trove_bug_detection,2b5777ae-cf7d-4fc7-8e29-0f54e0101983,5b0fa12a-3dd7-45bb-9766-cc326314d9f1,16.50909120000142,7.683062313338268e-05,4.653837222328512e-06,6.44110978304,28.31170195844836,10.0,1.6047266877749643e-05,0.0001244081550819,2.4918961111163503e-05,0.0001653743830709,0.0,Türkiye,TUR,istanbul,,,Windows-11-10.0.26200-SP0,3.13.13,3.2.6,16,12th Gen Intel(R) Core(TM) i7-12650H,1,1 x NVIDIA GeForce RTX 3050 Laptop GPU,28.9913,41.0651,15.63100814819336,machine,0.0,62.71428571428572,68.6,10.721756253923688,N,1.0,0.0
2026-04-29T02:47:13,trove_bug_detection,77bca874-5355-46b2-981b-40a3cb6ca2c5,5b0fa12a-3dd7-45bb-9766-cc326314d9f1,15.845557499997083,0.000101756181776,6.421748289768521e-06,6.398419623893334,40.77408146318543,10.0,1.640557817312913e-05,0.00017674736362,2.5872559999940373e-05,0.000219025501793,0.0,Türkiye,TUR,istanbul,,,Windows-11-10.0.26200-SP0,3.13.13,3.2.6,16,12th Gen Intel(R) Core(TM) i7-12650H,1,1 x NVIDIA GeForce RTX 3050 Laptop GPU,28.9913,41.0651,15.63100814819336,machine,0.0,50.71428571428572,70.40714285714286,11.00527000427246,N,1.0,0.0
2026-04-29T02:47:32,trove_bug_detection,2a7c50a9-ef18-407b-a833-ff2c6a392924,5b0fa12a-3dd7-45bb-9766-cc326314d9f1,14.284997499999008,9.929249105216183e-05,6.95082313120242e-06,6.4415529826461535,47.312327944647336,10.0,1.3882237331831132e-05,0.000178303753754,2.1536529722288832e-05,0.0002137225208081,0.0,Türkiye,TUR,istanbul,,,Windows-11-10.0.26200-SP0,3.13.13,3.2.6,16,12th Gen Intel(R) Core(TM) i7-12650H,1,1 x NVIDIA GeForce RTX 3050 Laptop GPU,28.9913,41.0651,15.63100814819336,machine,0.0,70.08333333333333,69.7,10.89655590057373,N,1.0,0.0
2026-04-29T02:47:51,trove_bug_detection,214fb6fb-6426-473b-a768-0fcf5e53b7c2,5b0fa12a-3dd7-45bb-9766-cc326314d9f1,14.024145999996108,0.0001004121512379,7.159947652997279e-06,5.948773726523077,47.71393752203268,10.0,1.3461759587115292e-05,0.0001791012543919,2.3569523888929523e-05,0.000216132537868,0.0,Türkiye,TUR,istanbul,,,Windows-11-10.0.26200-SP0,3.13.13,3.2.6,16,12th Gen Intel(R) Core(TM) i7-12650H,1,1 x NVIDIA GeForce RTX 3050 Laptop GPU,28.9913,41.0651,15.63100814819336,machine,8.333333333333334,53.25,69.77499999999999,10.906213760375977,N,1.0,0.0
2026-04-29T03:41:27,trove_bug_detection,65a63665-69ca-454e-a4c2-cbe5977804b5,5b0fa12a-3dd7-45bb-9766-cc326314d9f1,15.675951299999724,9.881180688857288e-05,6.303400986489071e-06,6.036526994773332,40.85925853752258,10.0,1.5407010497375996e-05,0.0001719148597539,2.5365999999929856e-05,0.0002126878702513,0.0,Türkiye,TUR,istanbul,,,Windows-11-10.0.26200-SP0,3.13.13,3.2.6,16,12th Gen Intel(R) Core(TM) i7-12650H,1,1 x NVIDIA GeForce RTX 3050 Laptop GPU,28.9913,41.0651,15.63100814819336,machine,0.0,47.71428571428572,76.22857142857143,11.916044780186244,N,1.0,0.0
2026-04-29T03:41:46,trove_bug_detection,96f15afd-264f-4f2d-80ed-51a9640cfaa6,5b0fa12a-3dd7-45bb-9766-cc326314d9f1,14.153137100001912,9.082854991053636e-05,6.417555999688866e-06,6.517864231876923,42.5410684056415,10.0,1.3860967497573037e-05,0.0001605034617359,2.1139847499984578e-05,0.0001955042767335,0.0,Türkiye,TUR,istanbul,,,Windows-11-10.0.26200-SP0,3.13.13,3.2.6,16,12th Gen Intel(R) Core(TM) i7-12650H,1,1 x NVIDIA GeForce RTX 3050 Laptop GPU,28.9913,41.0651,15.63100814819336,machine,9.725,63.833333333333336,78.31666666666666,12.241567929585775,N,1.0,0.0
2026-04-29T03:42:06,trove_bug_detection,82304aaa-4915-4464-b59b-9fa52feca78f,5b0fa12a-3dd7-45bb-9766-cc326314d9f1,14.333561900013592,9.32329117239674e-05,6.504518023805304e-06,6.544273595569231,43.61199292213851,10.0,1.4088463507775624e-05,0.0001650187431259,2.1572348333372955e-05,0.0002006795549671,0.0,Türkiye,TUR,istanbul,,,Windows-11-10.0.26200-SP0,3.13.13,3.2.6,16,12th Gen Intel(R) Core(TM) i7-12650H,1,1 x NVIDIA GeForce RTX 3050 Laptop GPU,28.9913,41.0651,15.63100814819336,machine,0.0,53.083333333333336,76.34166666666667,11.930669784545898,N,1.0,0.0
2026-04-29T03:42:24,trove_bug_detection,31a8422f-eee5-421a-9da2-29244ad798b3,5b0fa12a-3dd7-45bb-9766-cc326314d9f1,13.828267799995956,9.879783392194294e-05,7.144628333128741e-06,6.437373328000001,46.69633339420103,10.0,1.4816805884315342e-05,0.0001748320843099,2.3008903888896582e-05,0.0002126577940832,0.0,Türkiye,TUR,istanbul,,,Windows-11-10.0.26200-SP0,3.13.13,3.2.6,16,12th Gen Intel(R) Core(TM) i7-12650H,1,1 x NVIDIA GeForce RTX 3050 Laptop GPU,28.9913,41.0651,15.63100814819336,machine,0.0,61.083333333333336,75.38333333333334,11.782893180847168,N,1.0,0.0
2026-04-29T03:42:43,trove_bug_detection,9cb263a1-85d8-4514-833a-e2e76cc5fd9f,5b0fa12a-3dd7-45bb-9766-cc326314d9f1,13.88227280000865,9.68567028813086e-05,6.977006162942444e-06,5.95086841846154,45.89359343042742,10.0,1.3487505789351682e-05,0.000171800692996,2.3191400000036483e-05,0.0002084795987853,0.0,Türkiye,TUR,istanbul,,,Windows-11-10.0.26200-SP0,3.13.13,3.2.6,16,12th Gen Intel(R) Core(TM) i7-12650H,1,1 x NVIDIA GeForce RTX 3050 Laptop GPU,28.9913,41.0651,15.63100814819336,machine,0.0,55.91666666666666,75.125,11.744407653808594,N,1.0,0.0
2026-04-29T03:43:01,trove_bug_detection,9ffc5db9-48ed-43af-a282-a459e279a400,5b0fa12a-3dd7-45bb-9766-cc326314d9f1,13.799688200000674,9.884348766417768e-05,7.162733406119485e-06,5.94236039483077,47.03884049234428,10.0,1.3520703459506884e-05,0.00017622791876,2.300743944437677e-05,0.0002127560616638,0.0,Türkiye,TUR,istanbul,,,Windows-11-10.0.26200-SP0,3.13.13,3.2.6,16,12th Gen Intel(R) Core(TM) i7-12650H,1,1 x NVIDIA GeForce RTX 3050 Laptop GPU,28.9913,41.0651,15.63100814819336,machine,8.333333333333334,54.833333333333336,74.9,11.707902590433756,N,1.0,0.0
2026-04-29T03:43:20,trove_bug_detection,1c0973e0-03a8-4eed-b4b8-52e4d78aa8c2,5b0fa12a-3dd7-45bb-9766-cc326314d9f1,14.01972690000548,9.762304208558955e-05,6.963262749829414e-06,5.970939517292308,45.71726425524446,10.0,1.354401221632779e-05,0.0001730112495199,2.3573846944499464e-05,0.0002101291086808,0.0,Türkiye,TUR,istanbul,,,Windows-11-10.0.26200-SP0,3.13.13,3.2.6,16,12th Gen Intel(R) Core(TM) i7-12650H,1,1 x NVIDIA GeForce RTX 3050 Laptop GPU,28.9913,41.0651,15.63100814819336,machine,2.775,63.41666666666666,74.96666666666667,11.719027519226074,N,1.0,0.0
2026-04-29T03:43:39,trove_bug_detection,d9a21958-13e6-4fb0-85b4-4ef9babcbe34,5b0fa12a-3dd7-45bb-9766-cc326314d9f1,14.19540959999722,9.483406317179056e-05,6.680614779288169e-06,6.481291862153847,44.94575019383452,10.0,1.377094702030671e-05,0.000169132357528,2.1222655277839905e-05,0.0002041259598261,0.0,Türkiye,TUR,istanbul,,,Windows-11-10.0.26200-SP0,3.13.13,3.2.6,16,12th Gen Intel(R) Core(TM) i7-12650H,1,1 x NVIDIA GeForce RTX 3050 Laptop GPU,28.9913,41.0651,15.63100814819336,machine,0.0,54.083333333333336,75.30833333333334,11.770302454630531,N,1.0,0.0
2026-04-29T03:43:58,trove_bug_detection,d457d5c5-6c7a-48c0-a909-80af3f6d2224,5b0fa12a-3dd7-45bb-9766-cc326314d9f1,14.299927899992326,9.648996715999734e-05,6.747584172088667e-06,6.481651674584616,45.30593890389427,10.0,1.39558275719545e-05,0.000172214859994,2.151952944445333e-05,0.0002076902170104,0.0,Türkiye,TUR,istanbul,,,Windows-11-10.0.26200-SP0,3.13.13,3.2.6,16,12th Gen Intel(R) Core(TM) i7-12650H,1,1 x NVIDIA GeForce RTX 3050 Laptop GPU,28.9913,41.0651,15.63100814819336,machine,0.0,60.5,75.375,11.78079922993978,N,1.0,0.0
2026-04-29T03:44:17,trove_bug_detection,944a7688-6192-4974-88ad-b9332cef3964,5b0fa12a-3dd7-45bb-9766-cc326314d9f1,13.98480639999616,9.860880441966586e-05,7.051138328214035e-06,6.454310198892308,46.405049725329405,10.0,1.51721064920638e-05,0.0001736145833359,2.3464226944431883e-05,0.0002122509167724,0.0,Türkiye,TUR,istanbul,,,Windows-11-10.0.26200-SP0,3.13.13,3.2.6,16,12th Gen Intel(R) Core(TM) i7-12650H,1,1 x NVIDIA GeForce RTX 3050 Laptop GPU,28.9913,41.0651,15.63100814819336,machine,0.0,54.75,74.68333333333334,11.671039581298828,N,1.0,0.0
2026-04-29T03:44:35,trove_bug_detection,dda28831-1a5c-4a41-9930-f5cba6b2c4e5,5b0fa12a-3dd7-45bb-9766-cc326314d9f1,13.826941699997406,9.910966638654918e-05,7.167866078915179e-06,6.437551878400001,47.33533838065155,10.0,1.4791806173511548e-05,0.0001755620848939,2.2975108055470627e-05,0.0002133289991229,0.0,Türkiye,TUR,istanbul,,,Windows-11-10.0.26200-SP0,3.13.13,3.2.6,16,12th Gen Intel(R) Core(TM) i7-12650H,1,1 x NVIDIA GeForce RTX 3050 Laptop GPU,28.9913,41.0651,15.63100814819336,machine,0.0,57.833333333333336,74.35833333333333,11.621118545532228,N,1.0,0.0
2026-04-29T03:44:54,trove_bug_detection,0bacce7b-a923-4d7c-9f3a-73d231cdca5b,5b0fa12a-3dd7-45bb-9766-cc326314d9f1,13.942628900011186,9.855009467152891e-05,7.068257742372377e-06,6.484053287384615,46.485471377853,10.0,1.514042616071844e-05,0.0001736401389119,2.3343981666807345e-05,0.0002121245467395,0.0,Türkiye,TUR,istanbul,,,Windows-11-10.0.26200-SP0,3.13.13,3.2.6,16,12th Gen Intel(R) Core(TM) i7-12650H,1,1 x NVIDIA GeForce RTX 3050 Laptop GPU,28.9913,41.0651,15.63100814819336,machine,0.6416666666666667,52.583333333333336,74.26666666666667,11.60905901590983,N,1.0,0.0
2026-04-29T03:45:13,trove_bug_detection,a46ad7c6-0dd6-4b1a-b67d-b400bcc46c9e,5b0fa12a-3dd7-45bb-9766-cc326314d9f1,14.33471439999994,9.563546052633412e-05,6.671598600271697e-06,6.4919807399384615,45.045988432345695,10.0,1.4048723783926202e-05,0.000170200691716,2.160151527787093e-05,0.0002058509307777,0.0,Türkiye,TUR,istanbul,,,Windows-11-10.0.26200-SP0,3.13.13,3.2.6,16,12th Gen Intel(R) Core(TM) i7-12650H,1,1 x NVIDIA GeForce RTX 3050 Laptop GPU,28.9913,41.0651,15.63100814819336,machine,3.575,56.75,76.34166666666667,11.931364059448242,N,1.0,0.0
2026-04-29T03:45:32,trove_bug_detection,46c7c622-7b47-4763-8120-1655f1473ccc,5b0fa12a-3dd7-45bb-9766-cc326314d9f1,14.236553900002036,9.61438965126522e-05,6.753312436982271e-06,6.473496563200001,45.45469473011804,10.0,1.3846594581048916e-05,0.000171733748498,2.136497277776168e-05,0.0002069453158568,0.0,Türkiye,TUR,istanbul,,,Windows-11-10.0.26200-SP0,3.13.13,3.2.6,16,12th Gen Intel(R) Core(TM) i7-12650H,1,1 x NVIDIA GeForce RTX 3050 Laptop GPU,28.9913,41.0651,15.63100814819336,machine,8.333333333333334,54.16666666666666,75.825,11.850990613301596,N,1.0,0.0
2026-04-29T03:45:51,trove_bug_detection,46ccc542-5154-4b52-8fd6-6132e008b743,5b0fa12a-3dd7-45bb-9766-cc326314d9f1,13.916480700005197,9.96790809976292e-05,7.162664408221541e-06,6.482612109538463,46.809381890121976,10.0,1.510649835204819e-05,0.0001761556964799,2.3292443055510777e-05,0.0002145546378875,0.0,Türkiye,TUR,istanbul,,,Windows-11-10.0.26200-SP0,3.13.13,3.2.6,16,12th Gen Intel(R) Core(TM) i7-12650H,1,1 x NVIDIA GeForce RTX 3050 Laptop GPU,28.9913,41.0651,15.63100814819336,machine,0.0,59.41666666666666,74.70833333333333,11.676634152730308,N,1.0,0.0
2026-04-29T03:46:10,trove_bug_detection,4aeb098a-9a48-46ed-be10-c13079d2bcd5,5b0fa12a-3dd7-45bb-9766-cc326314d9f1,14.13363080000272,9.675591742544742e-05,6.845793469108362e-06,6.493894308676923,46.28474484723295,10.0,1.3790374851038935e-05,0.00017338624982,2.1086038055444888e-05,0.0002082626627264,0.0,Türkiye,TUR,istanbul,,,Windows-11-10.0.26200-SP0,3.13.13,3.2.6,16,12th Gen Intel(R) Core(TM) i7-12650H,1,1 x NVIDIA GeForce RTX 3050 Laptop GPU,28.9913,41.0651,15.63100814819336,machine,0.0,54.333333333333336,75.85000000000001,11.857020378112791,N,1.0,0.0
2026-04-29T03:46:29,trove_bug_detection,e5d1a6d3-f282-45d5-ac6c-a24dc7e4523b,5b0fa12a-3dd7-45bb-9766-cc326314d9f1,14.579166199997417,9.856530676563636e-05,6.760695736197439e-06,6.486654004923079,45.29299053041712,10.76923076923077,1.4448038046020064e-05,0.000174060972582,2.364827944450857e-05,0.0002121572900725,0.0,Türkiye,TUR,istanbul,,,Windows-11-10.0.26200-SP0,3.13.13,3.2.6,16,12th Gen Intel(R) Core(TM) i7-12650H,1,1 x NVIDIA GeForce RTX 3050 Laptop GPU,28.9913,41.0651,15.63100814819336,machine,0.0,44.75,75.55384615384615,11.810370225172775,N,1.0,0.0
2026-04-29T03:46:48,trove_bug_detection,4e9037e9-7a29-4814-8678-515d098128ee,5b0fa12a-3dd7-45bb-9766-cc326314d9f1,14.249569799998426,9.784676822155204e-05,6.866647175661601e-06,6.463711399876924,46.32149718297456,10.0,1.3838424416618768e-05,0.00017539597365,2.137627083332821e-05,0.0002106106688999,0.0,Türkiye,TUR,istanbul,,,Windows-11-10.0.26200-SP0,3.13.13,3.2.6,16,12th Gen Intel(R) Core(TM) i7-12650H,1,1 x NVIDIA GeForce RTX 3050 Laptop GPU,28.9913,41.0651,15.63100814819336,machine,5.183333333333334,48.583333333333336,74.7,11.676303227742514,N,1.0,0.0
2026-04-29T03:48:36,trove_bug_detection,93342283-913c-47d1-8354-81ffd4b4876a,5b0fa12a-3dd7-45bb-9766-cc326314d9f1,17.27730580000207,0.0001272718900066,7.36641994300948e-06,6.4442282062,51.11055361629501,10.0,1.651502987710624e-05,0.000231858796598,2.557306388880534e-05,0.0002739468903639,0.0,Türkiye,TUR,istanbul,,,Windows-11-10.0.26200-SP0,3.13.13,3.2.6,16,12th Gen Intel(R) Core(TM) i7-12650H,1,1 x NVIDIA GeForce RTX 3050 Laptop GPU,28.9913,41.0651,15.63100814819336,machine,0.0,58.2,73.28666666666666,11.456138102213542,N,1.0,0.0
2026-04-29T03:48:54,trove_bug_detection,9173924e-1a0b-4e29-a7bf-e46335339232,5b0fa12a-3dd7-45bb-9766-cc326314d9f1,14.011647699997413,9.82563259594916e-05,7.012474768367873e-06,6.282474128492309,46.03096428348044,10.0,1.5471101782098484e-05,0.00017247652687,2.354459444436037e-05,0.0002114922230964,0.0,Türkiye,TUR,istanbul,,,Windows-11-10.0.26200-SP0,3.13.13,3.2.6,16,12th Gen Intel(R) Core(TM) i7-12650H,1,1 x NVIDIA GeForce RTX 3050 Laptop GPU,28.9913,41.0651,15.63100814819336,machine,0.0,59.25,74.24166666666666,11.604802449544271,N,1.0,0.0
2026-04-29T03:49:13,trove_bug_detection,a033226c-6257-48b1-8401-da7ba975df1f,5b0fa12a-3dd7-45bb-9766-cc326314d9f1,14.425883899995824,0.0001011189878211,7.009552310424689e-06,6.442083924676923,48.06972185285974,10.0,1.40821907227398e-05,0.0001817315342739,2.1840246111161027e-05,0.0002176539711078,0.0,Türkiye,TUR,istanbul,,,Windows-11-10.0.26200-SP0,3.13.13,3.2.6,16,12th Gen Intel(R) Core(TM) i7-12650H,1,1 x NVIDIA GeForce RTX 3050 Laptop GPU,28.9913,41.0651,15.63100814819336,machine,1.5666666666666669,42.91666666666666,74.18333333333334,11.59465217590332,N,1.0,0.0
2026-04-29T03:49:32,trove_bug_detection,a5e59fc2-0f4c-4611-a158-f1359c6a1390,5b0fa12a-3dd7-45bb-9766-cc326314d9f1,14.243788799998583,0.0001002767522626,7.040033636464688e-06,6.436721902276923,47.98384539582606,10.0,1.3801023308759686e-05,0.0001806145889359,2.1425485555624217e-05,0.0002158410978003,0.0,Türkiye,TUR,istanbul,,,Windows-11-10.0.26200-SP0,3.13.13,3.2.6,16,12th Gen Intel(R) Core(TM) i7-12650H,1,1 x NVIDIA GeForce RTX 3050 Laptop GPU,28.9913,41.0651,15.63100814819336,machine,0.0,59.083333333333336,74.16666666666667,11.59264596303304,N,1.0,0.0
2026-04-29T03:49:51,trove_bug_detection,d302238f-164f-457c-a867-584fdf0601c8,5b0fa12a-3dd7-45bb-9766-cc326314d9f1,14.004276699997718,0.0001018196469893,7.27061091197388e-06,6.443284693415385,48.046480109126335,10.0,1.5179585628850428e-05,0.0001804245887839,2.355793333319728e-05,0.000219162107746,0.0,Türkiye,TUR,istanbul,,,Windows-11-10.0.26200-SP0,3.13.13,3.2.6,16,12th Gen Intel(R) Core(TM) i7-12650H,1,1 x NVIDIA GeForce RTX 3050 Laptop GPU,28.9913,41.0651,15.63100814819336,machine,5.558333333333334,66.91666666666667,74.14166666666667,11.589824994405111,N,1.0,0.0
2026-04-29T03:50:10,trove_bug_detection,4709c47c-ed42-43e6-a095-a1f55b8123be,5b0fa12a-3dd7-45bb-9766-cc326314d9f1,14.210227700008543,0.0001007934406599,7.093020800778819e-06,6.4340087502769245,48.323615538796005,10.0,1.3733842529215146e-05,0.000181884312174,2.1335091111258303e-05,0.0002169532458144,0.0,Türkiye,TUR,istanbul,,,Windows-11-10.0.26200-SP0,3.13.13,3.2.6,16,12th Gen Intel(R) Core(TM) i7-12650H,1,1 x NVIDIA GeForce RTX 3050 Laptop GPU,28.9913,41.0651,15.63100814819336,machine,0.0,60.41666666666666,74.14999999999999,11.59131654103597,N,1.0,0.0
2026-04-29T03:50:29,trove_bug_detection,7160c2bb-dcd6-4595-a5f8-b76925db04b4,5b0fa12a-3dd7-45bb-9766-cc326314d9f1,14.293457799998578,0.0001013588380277,7.091274864768256e-06,6.445651673107694,48.238473794869215,10.0,1.3909583988514409e-05,0.000182699035048,2.1561618611101755e-05,0.0002181702376476,0.0,Türkiye,TUR,istanbul,,,Windows-11-10.0.26200-SP0,3.13.13,3.2.6,16,12th Gen Intel(R) Core(TM) i7-12650H,1,1 x NVIDIA GeForce RTX 3050 Laptop GPU,28.9913,41.0651,15.63100814819336,machine,0.0,57.5,74.08333333333333,11.58238728841146,N,1.0,0.0
2026-04-29T03:50:48,trove_bug_detection,9035ecfb-7da2-4862-b531-e9f44e5c5284,5b0fa12a-3dd7-45bb-9766-cc326314d9f1,14.26773590000812,9.956843959481364e-05,6.978573215302994e-06,6.447892071630768,47.62082816461098,10.0,1.394057813939618e-05,0.00017888208755,2.149382166668753e-05,0.000214316487356,0.0,Türkiye,TUR,istanbul,,,Windows-11-10.0.26200-SP0,3.13.13,3.2.6,16,12th Gen Intel(R) Core(TM) i7-12650H,1,1 x NVIDIA GeForce RTX 3050 Laptop GPU,28.9913,41.0651,15.63100814819336,machine,8.333333333333334,56.583333333333336,74.18333333333332,11.594833056131998,N,1.0,0.0
2026-04-29T03:51:06,trove_bug_detection,82ad5fad-cab7-40fd-8c5b-710070be7f7a,5b0fa12a-3dd7-45bb-9766-cc326314d9f1,13.934131799993338,0.0001005198426072,7.213929367837315e-06,5.947374494769231,48.07198701267278,10.0,1.3465672169612028e-05,0.0001795509769739,2.334768944448216e-05,0.000216364338588,0.0,Türkiye,TUR,istanbul,,,Windows-11-10.0.26200-SP0,3.13.13,3.2.6,16,12th Gen Intel(R) Core(TM) i7-12650H,1,1 x NVIDIA GeForce RTX 3050 Laptop GPU,28.9913,41.0651,15.63100814819336,machine,0.0,61.5,74.14166666666667,11.59039274851481,N,1.0,0.0
2026-04-29T03:51:25,trove_bug_detection,b6029824-a707-45d8-89f2-1619bb20ae78,5b0fa12a-3dd7-45bb-9766-cc326314d9f1,13.942691100004597,0.0001007285777505,7.2244717341949025e-06,5.949456677907691,48.18219689475109,10.0,1.3472447406802925e-05,0.000179972921756,2.336826222211433e-05,0.0002168136313849,0.0,Türkiye,TUR,istanbul,,,Windows-11-10.0.26200-SP0,3.13.13,3.2.6,16,12th Gen Intel(R) Core(TM) i7-12650H,1,1 x NVIDIA GeForce RTX 3050 Laptop GPU,28.9913,41.0651,15.63100814819336,machine,0.0,60.5,74.14166666666667,11.58931032816569,N,1.0,0.0
2026-04-29T03:59:46,trove_bug_detection,324f44dd-ce4c-4093-a751-5fb2bd3b5208,5b0fa12a-3dd7-45bb-9766-cc326314d9f1,17.999242200006847,0.0001150734262342,6.393237279411703e-06,6.450821251600002,45.10408251396366,10.0,1.785214576380313e-05,0.000202184606192,2.76535061110432e-05,0.0002476902580668,0.0,Türkiye,TUR,istanbul,,,Windows-11-10.0.26200-SP0,3.13.13,3.2.6,16,12th Gen Intel(R) Core(TM) i7-12650H,1,1 x NVIDIA GeForce RTX 3050 Laptop GPU,28.9913,41.0651,15.63100814819336,machine,6.666666666666667,50.8,74.35333333333332,11.622313690185546,N,1.0,0.0
2026-04-29T04:00:14,trove_bug_detection,bc481d47-cab5-4eeb-8547-625a8fabcaee,5b0fa12a-3dd7-45bb-9766-cc326314d9f1,23.6139128000068,0.0001937669513925,8.205626616544994e-06,6.437618649018182,56.79924400570733,10.0,2.246195901810357e-05,0.000359726398892,3.488609416660135e-05,0.0004170744520767,0.0,Türkiye,TUR,istanbul,,,Windows-11-10.0.26200-SP0,3.13.13,3.2.6,16,12th Gen Intel(R) Core(TM) i7-12650H,1,1 x NVIDIA GeForce RTX 3050 Laptop GPU,28.9913,41.0651,15.63100814819336,machine,2.380952380952381,69.0,74.6047619047619,11.66130592709496,N,1.0,0.0
2026-04-29T04:00:34,trove_bug_detection,1b301f3c-6f69-4507-94d7-3e35b157554d,5b0fa12a-3dd7-45bb-9766-cc326314d9f1,15.412020599993411,0.0001125881258148,7.305215113386282e-06,6.4427942944000005,49.76001615215866,10.0,1.5003743850179044e-05,0.000204056274356,2.328074499997052e-05,0.0002423407632061,0.0,Türkiye,TUR,istanbul,,,Windows-11-10.0.26200-SP0,3.13.13,3.2.6,16,12th Gen Intel(R) Core(TM) i7-12650H,1,1 x NVIDIA GeForce RTX 3050 Laptop GPU,28.9913,41.0651,15.63100814819336,machine,0.0,54.46153846153846,74.59230769230768,11.6599734379695,N,1.0,0.0
2026-04-29T04:15:24,trove_bug_detection,d18e358e-1af3-4e67-b95e-c6139129de8b,5b0fa12a-3dd7-45bb-9766-cc326314d9f1,25.19407309999224,0.0001948110567767,7.73241611245332e-06,6.441222012400001,53.757198253219165,10.0,2.348903588102101e-05,0.000359400009742,3.643279527770776e-05,0.0004193218409007,0.0,Türkiye,TUR,istanbul,,,Windows-11-10.0.26200-SP0,3.13.13,3.2.6,16,12th Gen Intel(R) Core(TM) i7-12650H,1,1 x NVIDIA GeForce RTX 3050 Laptop GPU,28.9913,41.0651,15.63100814819336,machine,4.3478260869565215,70.1304347826087,74.98695652173913,11.720428300940473,N,1.0,0.0
2026-04-29T04:15:45,trove_bug_detection,59c2bd9b-cc7a-45d6-a7c9-149215e44e31,5b0fa12a-3dd7-45bb-9766-cc326314d9f1,15.716821900001378,0.0001110714423069,7.067042116632669e-06,6.46128763776,45.79873239508336,10.0,1.642756865145362e-05,0.000197217657774,2.543094527779128e-05,0.0002390761717032,0.0,Türkiye,TUR,istanbul,,,Windows-11-10.0.26200-SP0,3.13.13,3.2.6,16,12th Gen Intel(R) Core(TM) i7-12650H,1,1 x NVIDIA GeForce RTX 3050 Laptop GPU,28.9913,41.0651,15.63100814819336,machine,7.142857142857143,54.71428571428572,75.58571428571429,11.816262381417411,N,1.0,0.0
2026-04-29T04:16:13,trove_bug_detection,b6e84c74-93a5-4bf5-a56d-6c8dfc27eb1a,5b0fa12a-3dd7-45bb-9766-cc326314d9f1,24.07691329999944,0.0001950980573356,8.10311749287589e-06,6.454735155895652,54.9159251853899,10.0,2.4236407666468447e-05,0.0003581463976279,3.755679111111224e-05,0.0004199395964055,0.0,Türkiye,TUR,istanbul,,,Windows-11-10.0.26200-SP0,3.13.13,3.2.6,16,12th Gen Intel(R) Core(TM) i7-12650H,1,1 x NVIDIA GeForce RTX 3050 Laptop GPU,28.9913,41.0651,15.63100814819336,machine,9.090909090909092,76.86363636363636,75.37727272727273,11.781818216497248,N,1.0,0.0
2026-04-29T04:16:42,trove_bug_detection,3eb7b5f6-7974-40b8-b953-f3e30e8cdb7e,5b0fa12a-3dd7-45bb-9766-cc326314d9f1,23.693129199993564,0.0001951258855074,8.235547270283832e-06,6.166431637426087,54.283343271655816,10.0,2.2499166447652257e-05,0.0003610227888179,3.647754000000229e-05,0.0004199994952656,0.0,Türkiye,TUR,istanbul,,,Windows-11-10.0.26200-SP0,3.13.13,3.2.6,16,12th Gen Intel(R) Core(TM) i7-12650H,1,1 x NVIDIA GeForce RTX 3050 Laptop GPU,28.9913,41.0651,15.63100814819336,machine,0.0,67.95454545454545,75.18181818181819,11.75080767544833,N,1.0,0.0
2026-04-29T04:17:10,trove_bug_detection,688e83c6-81b6-4847-98e5-11eeedf2dbb7,5b0fa12a-3dd7-45bb-9766-cc326314d9f1,23.777016699998057,0.0001960654182942,8.246005828571214e-06,6.160906874573913,55.32246373425786,10.0,2.2485677244641344e-05,0.0003628114013599,3.6724717777987176e-05,0.0004220217963826,0.0,Türkiye,TUR,istanbul,,,Windows-11-10.0.26200-SP0,3.13.13,3.2.6,16,12th Gen Intel(R) Core(TM) i7-12650H,1,1 x NVIDIA GeForce RTX 3050 Laptop GPU,28.9913,41.0651,15.63100814819336,machine,4.545454545454546,68.04545454545455,74.74090909090908,11.683550921353428,N,1.0,0.0
2026-04-29T04:17:39,trove_bug_detection,6ce1c8bf-5db5-42b9-aff2-c7c3ea2d8627,5b0fa12a-3dd7-45bb-9766-cc326314d9f1,23.6676191000006,0.000196619167025,8.30751780288208e-06,6.156114716104346,54.88801384822578,10.0,2.2419176272958e-05,0.0003644569582319,3.633758055552283e-05,0.0004232137150604,0.0,Türkiye,TUR,istanbul,,,Windows-11-10.0.26200-SP0,3.13.13,3.2.6,16,12th Gen Intel(R) Core(TM) i7-12650H,1,1 x NVIDIA GeForce RTX 3050 Laptop GPU,28.9913,41.0651,15.63100814819336,machine,2.272727272727273,68.27272727272727,74.56363636363636,11.655462958595969,N,1.0,0.0
2026-04-29T04:18:07,trove_bug_detection,24e45566-2c31-4c9a-8d6f-7525c30183fe,5b0fa12a-3dd7-45bb-9766-cc326314d9f1,24.14963429998897,0.0001954442726706,8.093053097320339e-06,6.458696738226087,55.42927339093392,10.0,2.258240429668461e-05,0.000363161957196,3.49404475000079e-05,0.0004206848089926,0.0,Türkiye,TUR,istanbul,,,Windows-11-10.0.26200-SP0,3.13.13,3.2.6,16,12th Gen Intel(R) Core(TM) i7-12650H,1,1 x NVIDIA GeForce RTX 3050 Laptop GPU,28.9913,41.0651,15.63100814819336,machine,0.0,64.4090909090909,74.2,11.597187389026988,N,1.0,0.0
2026-04-29T04:18:28,trove_bug_detection,b565abbc-e645-4802-beec-73fff5b086c8,5b0fa12a-3dd7-45bb-9766-cc326314d9f1,15.529395900011878,0.0001131608870333,7.286882745598859e-06,6.45147247497143,49.71272017634157,10.0,1.5231587162937553e-05,0.0002047273860039,2.3614632222314768e-05,0.0002435736053892,0.0,Türkiye,TUR,istanbul,,,Windows-11-10.0.26200-SP0,3.13.13,3.2.6,16,12th Gen Intel(R) Core(TM) i7-12650H,1,1 x NVIDIA GeForce RTX 3050 Laptop GPU,28.9913,41.0651,15.63100814819336,machine,0.0,62.84615384615385,74.7076923076923,11.676914801964394,N,1.0,0.0
2026-04-29T04:18:56,trove_bug_detection,0e195afb-2b46-43ed-b5af-f00eac6192e4,5b0fa12a-3dd7-45bb-9766-cc326314d9f1,23.968665799999144,0.0001973110178078,8.23204009160375e-06,6.167652501982609,55.92926009707854,10.0,2.2521628996058075e-05,0.000364933903058,3.72473600000376e-05,0.000424702892054,0.0,Türkiye,TUR,istanbul,,,Windows-11-10.0.26200-SP0,3.13.13,3.2.6,16,12th Gen Intel(R) Core(TM) i7-12650H,1,1 x NVIDIA GeForce RTX 3050 Laptop GPU,28.9913,41.0651,15.63100814819336,machine,0.0,69.13636363636364,74.08181818181818,11.5831298828125,N,1.0,0.0
2026-04-29T04:19:25,trove_bug_detection,8a7bd5b3-5c46-4395-995c-7ac4422a1e09,5b0fa12a-3dd7-45bb-9766-cc326314d9f1,23.80575409998709,0.0001969532694559,8.273347218018118e-06,6.168469466573913,55.87856821898852,10.0,2.255541715805835e-05,0.0003645397360759,3.683770194442736e-05,0.0004239328551784,0.0,Türkiye,TUR,istanbul,,,Windows-11-10.0.26200-SP0,3.13.13,3.2.6,16,12th Gen Intel(R) Core(TM) i7-12650H,1,1 x NVIDIA GeForce RTX 3050 Laptop GPU,28.9913,41.0651,15.63100814819336,machine,0.0,67.81818181818181,74.23636363636363,11.6035981611772,N,1.0,0.0
2026-04-29T04:31:44,trove_bug_detection,095ff495-8a40-4123-bac5-036f48e80961,5b0fa12a-3dd7-45bb-9766-cc326314d9f1,18.43433839999489,0.0001106233662563,6.000940411097054e-06,6.474931596047061,40.67294559234125,10.0,1.950863670140003e-05,0.0001884973730199,3.010569888877701e-05,0.0002381117086101,0.0,Türkiye,TUR,istanbul,,,Windows-11-10.0.26200-SP0,3.13.13,3.2.6,16,12th Gen Intel(R) Core(TM) i7-12650H,1,1 x NVIDIA GeForce RTX 3050 Laptop GPU,28.9913,41.0651,15.63100814819336,machine,1.5625,53.8125,74.3625,11.623743772506714,N,1.0,0.0
2026-04-29T04:32:03,trove_bug_detection,60484708-04a9-464c-ac22-57cb91b39c7b,5b0fa12a-3dd7-45bb-9766-cc326314d9f1,14.220269600002212,9.491733103873378e-05,6.674791245780531e-06,6.4830077580307695,44.85615571028332,10.0,1.3841265610804235e-05,0.0001691290241919,2.133490027768453e-05,0.0002043051900804,0.0,Türkiye,TUR,istanbul,,,Windows-11-10.0.26200-SP0,3.13.13,3.2.6,16,12th Gen Intel(R) Core(TM) i7-12650H,1,1 x NVIDIA GeForce RTX 3050 Laptop GPU,28.9913,41.0651,15.63100814819336,machine,0.0,58.91666666666666,74.18333333333334,11.594560941060385,N,1.0,0.0
2026-04-29T04:32:22,trove_bug_detection,fa22f6d0-a6e1-4c65-8f69-a197d89ab076,5b0fa12a-3dd7-45bb-9766-cc326314d9f1,14.253558199998224,9.976410439403976e-05,6.999242083569855e-06,6.449768496492307,47.8678218479884,10.0,1.3826359356752888e-05,0.000179490976926,2.1420310555590224e-05,0.0002147376468383,0.0,Türkiye,TUR,istanbul,,,Windows-11-10.0.26200-SP0,3.13.13,3.2.6,16,12th Gen Intel(R) Core(TM) i7-12650H,1,1 x NVIDIA GeForce RTX 3050 Laptop GPU,28.9913,41.0651,15.63100814819336,machine,0.0,62.0,73.52499999999999,11.491700172424316,N,1.0,0.0
2026-04-29T04:32:40,trove_bug_detection,ab6c3af1-339e-49c7-8b1f-f735a8990b96,5b0fa12a-3dd7-45bb-9766-cc326314d9f1,13.823769700000412,9.869663855239132e-05,7.139632726403738e-06,6.445677477169231,46.34654407668821,10.0,1.4851884953753324e-05,0.0001745490285279,2.3039062222192623e-05,0.0002124399757039,0.0,Türkiye,TUR,istanbul,,,Windows-11-10.0.26200-SP0,3.13.13,3.2.6,16,12th Gen Intel(R) Core(TM) i7-12650H,1,1 x NVIDIA GeForce RTX 3050 Laptop GPU,28.9913,41.0651,15.63100814819336,machine,0.0,59.0,73.34166666666667,11.46587340037028,N,1.0,0.0
2026-04-29T04:32:59,trove_bug_detection,71979c16-1b3d-475f-b8fb-ba86b7157996,5b0fa12a-3dd7-45bb-9766-cc326314d9f1,14.0041848999972,9.927845037649695e-05,7.089198770612978e-06,6.444321076923079,46.694111053713954,10.0,1.5192041460792386e-05,0.0001749234732719,2.3576784166652947e-05,0.0002136922988994,0.0,Türkiye,TUR,istanbul,,,Windows-11-10.0.26200-SP0,3.13.13,3.2.6,16,12th Gen Intel(R) Core(TM) i7-12650H,1,1 x NVIDIA GeForce RTX 3050 Laptop GPU,28.9913,41.0651,15.63100814819336,machine,0.0,50.5,73.56666666666666,11.498855908711752,N,1.0,0.0
2026-04-29T04:33:18,trove_bug_detection,8ca7e791-d740-4243-9b9b-c6f38b8a526c,5b0fa12a-3dd7-45bb-9766-cc326314d9f1,13.93161250000412,9.82097885480614e-05,7.0494200544289e-06,5.942158994953847,46.53070583765172,10.0,1.3493647108975875e-05,0.000174603750794,2.3294655555501875e-05,0.0002113920534584,0.0,Türkiye,TUR,istanbul,,,Windows-11-10.0.26200-SP0,3.13.13,3.2.6,16,12th Gen Intel(R) Core(TM) i7-12650H,1,1 x NVIDIA GeForce RTX 3050 Laptop GPU,28.9913,41.0651,15.63100814819336,machine,0.0,63.583333333333336,73.575,11.50056521097819,N,1.0,0.0
2026-04-29T04:33:37,trove_bug_detection,554c65f8-3c57-4247-95ce-1c708e15784d,5b0fa12a-3dd7-45bb-9766-cc326314d9f1,14.521744700003184,0.0001036294305921,7.136155657115141e-06,6.431372933661539,48.941288570669855,10.0,1.427707056828605e-05,0.0001865840381559,2.219647499995416e-05,0.0002230575837242,0.0,Türkiye,TUR,istanbul,,,Windows-11-10.0.26200-SP0,3.13.13,3.2.6,16,12th Gen Intel(R) Core(TM) i7-12650H,1,1 x NVIDIA GeForce RTX 3050 Laptop GPU,28.9913,41.0651,15.63100814819336,machine,0.0,53.25,73.44166666666666,11.47781785329183,N,1.0,0.0
2026-04-29T04:33:55,trove_bug_detection,c00f906c-d97b-461c-aff1-e062faccbdbc,5b0fa12a-3dd7-45bb-9766-cc326314d9f1,14.032726499994167,9.938352398162922e-05,7.0822675822599776e-06,6.075155175138463,47.4911442937578,10.0,1.3701713133559242e-05,0.00017664180798,2.357494388888881e-05,0.0002139184650024,0.0,Türkiye,TUR,istanbul,,,Windows-11-10.0.26200-SP0,3.13.13,3.2.6,16,12th Gen Intel(R) Core(TM) i7-12650H,1,1 x NVIDIA GeForce RTX 3050 Laptop GPU,28.9913,41.0651,15.63100814819336,machine,0.0,62.583333333333336,73.61666666666666,11.507894515991213,N,1.0,0.0
2026-04-29T04:34:15,trove_bug_detection,6462217f-e4bc-4661-89b1-a7919732e5fa,5b0fa12a-3dd7-45bb-9766-cc326314d9f1,14.535224599996582,0.0001060718256122,7.297570456002698e-06,6.436918630646153,49.78062556109053,10.0,1.43287685707679e-05,0.0001917418200599,2.2244138055571555e-05,0.0002283147266863,0.0,Türkiye,TUR,istanbul,,,Windows-11-10.0.26200-SP0,3.13.13,3.2.6,16,12th Gen Intel(R) Core(TM) i7-12650H,1,1 x NVIDIA GeForce RTX 3050 Laptop GPU,28.9913,41.0651,15.63100814819336,machine,0.0,52.16666666666666,74.39166666666667,11.627024014790852,N,1.0,0.0
2026-04-29T04:34:33,trove_bug_detection,6ba52e25-93e0-415a-a9ea-f32bc972b959,5b0fa12a-3dd7-45bb-9766-cc326314d9f1,13.809896800012211,0.000100123251056,7.250108563877817e-06,6.432257126153847,47.21864871129386,10.0,1.4775484632514912e-05,0.0001777665311019,2.296867777764015e-05,0.0002155106935121,0.0,Türkiye,TUR,istanbul,,,Windows-11-10.0.26200-SP0,3.13.13,3.2.6,16,12th Gen Intel(R) Core(TM) i7-12650H,1,1 x NVIDIA GeForce RTX 3050 Laptop GPU,28.9913,41.0651,15.63100814819336,machine,0.0,52.583333333333336,74.33333333333333,11.61930497487386,N,1.0,0.0
2026-04-29T09:52:19,trove_bug_detection,25642f36-5961-4c63-a556-75c28e4e1663,5b0fa12a-3dd7-45bb-9766-cc326314d9f1,20.77612749999389,0.000112912401353,5.434718349371226e-06,6.14181691952,32.924033438822846,10.0,2.446016266909881e-05,0.0001789559764979,3.962261222251174e-05,0.0002430387513896,0.0,Türkiye,TUR,istanbul,,,Windows-11-10.0.26200-SP0,3.13.13,3.2.6,16,12th Gen Intel(R) Core(TM) i7-12650H,1,1 x NVIDIA GeForce RTX 3050 Laptop GPU,28.9913,41.0651,15.63100814819336,machine,0.0,32.0,74.67894736842105,11.674591064453123,N,1.0,0.0
2026-04-29T09:52:38,trove_bug_detection,5e8df137-f377-49f8-b524-c98ec3d7ab69,5b0fa12a-3dd7-45bb-9766-cc326314d9f1,14.020096899999771,9.779374982768542e-05,6.975254916225794e-06,6.437398886892309,45.75744549115522,10.0,1.5200431068140811e-05,0.0001716798595659,2.361625861117823e-05,0.0002104965492453,0.0,Türkiye,TUR,istanbul,,,Windows-11-10.0.26200-SP0,3.13.13,3.2.6,16,12th Gen Intel(R) Core(TM) i7-12650H,1,1 x NVIDIA GeForce RTX 3050 Laptop GPU,28.9913,41.0651,15.63100814819336,machine,0.0,56.25,74.95833333333333,11.714728355407717,N,1.0,0.0
2026-04-29T09:52:56,trove_bug_detection,1a62af3c-599b-4f24-a8e5-1033578696a3,5b0fa12a-3dd7-45bb-9766-cc326314d9f1,13.969051299995044,9.671711386564398e-05,6.923670891356687e-06,5.959556541046156,45.31363222531373,10.0,1.3588684351779572e-05,0.000171107359108,2.3483096388695733e-05,0.0002081791398484,0.0,Türkiye,TUR,istanbul,,,Windows-11-10.0.26200-SP0,3.13.13,3.2.6,16,12th Gen Intel(R) Core(TM) i7-12650H,1,1 x NVIDIA GeForce RTX 3050 Laptop GPU,28.9913,41.0651,15.63100814819336,machine,0.0,65.25,74.40833333333333,11.63163407643636,N,1.0,0.0
2026-04-29T09:53:15,trove_bug_detection,304a2b35-4f0a-4497-94aa-61d706214122,5b0fa12a-3dd7-45bb-9766-cc326314d9f1,13.906191000016406,9.7174908114567e-05,6.987888208529018e-06,5.949055479876924,45.67835839577464,10.0,1.3538930835532626e-05,0.00017232374897,2.330184111108085e-05,0.0002091645209166,0.0,Türkiye,TUR,istanbul,,,Windows-11-10.0.26200-SP0,3.13.13,3.2.6,16,12th Gen Intel(R) Core(TM) i7-12650H,1,1 x NVIDIA GeForce RTX 3050 Laptop GPU,28.9913,41.0651,15.63100814819336,machine,0.0,58.41666666666666,74.30833333333334,11.613529841105144,N,1.0,0.0
2026-04-29T09:53:34,trove_bug_detection,6245ea5d-5e49-49cd-a44b-ed1b98fb143a,5b0fa12a-3dd7-45bb-9766-cc326314d9f1,13.991169999993872,9.969214589034944e-05,7.125361630971042e-06,6.435071813661539,46.79667219172087,10.0,1.5133024830120108e-05,0.000175936529638,2.351320500019938e-05,0.0002145827594683,0.0,Türkiye,TUR,istanbul,,,Windows-11-10.0.26200-SP0,3.13.13,3.2.6,16,12th Gen Intel(R) Core(TM) i7-12650H,1,1 x NVIDIA GeForce RTX 3050 Laptop GPU,28.9913,41.0651,15.63100814819336,machine,0.0,55.66666666666666,74.21666666666667,11.598768552144367,N,1.0,0.0
2026-04-29T09:53:52,trove_bug_detection,28044826-00de-417d-a46a-03ae9117da36,5b0fa12a-3dd7-45bb-9766-cc326314d9f1,14.065195400005903,9.882852377244044e-05,7.026459353163267e-06,5.955320143753847,46.70313692534608,10.0,1.3527449682723632e-05,0.000175490695948,2.3705706944343144e-05,0.000212723852575,0.0,Türkiye,TUR,istanbul,,,Windows-11-10.0.26200-SP0,3.13.13,3.2.6,16,12th Gen Intel(R) Core(TM) i7-12650H,1,1 x NVIDIA GeForce RTX 3050 Laptop GPU,28.9913,41.0651,15.63100814819336,machine,0.0,48.66666666666666,74.175,11.594451904296877,N,1.0,0.0
2026-04-29T09:54:11,trove_bug_detection,134255fb-887b-4297-8f53-7fe7b22b4f78,5b0fa12a-3dd7-45bb-9766-cc326314d9f1,13.946826699975643,9.750448304742874e-05,6.991159003043969e-06,5.953107039507693,46.18689903498235,10.0,1.353063963133916e-05,0.0001729929161719,2.3350360000040383e-05,0.0002098739158033,0.0,Türkiye,TUR,istanbul,,,Windows-11-10.0.26200-SP0,3.13.13,3.2.6,16,12th Gen Intel(R) Core(TM) i7-12650H,1,1 x NVIDIA GeForce RTX 3050 Laptop GPU,28.9913,41.0651,15.63100814819336,machine,0.0,57.5,73.74166666666666,11.5288454691569,N,1.0,0.0
2026-04-29T09:54:30,trove_bug_detection,87afdcb4-f43d-4c00-8a14-89abbd034c2f,5b0fa12a-3dd7-45bb-9766-cc326314d9f1,14.01609289998305,9.908637419704444e-05,7.06947184954548e-06,6.497934856369232,46.21032563446241,10.0,1.5309961476762456e-05,0.000174377361724,2.359154055545029e-05,0.0002132788637562,0.0,Türkiye,TUR,istanbul,,,Windows-11-10.0.26200-SP0,3.13.13,3.2.6,16,12th Gen Intel(R) Core(TM) i7-12650H,1,1 x NVIDIA GeForce RTX 3050 Laptop GPU,28.9913,41.0651,15.63100814819336,machine,0.0,60.75,73.66666666666667,11.513042132059732,N,1.0,0.0
2026-04-29T09:54:48,trove_bug_detection,c63c183e-2ac5-41de-ada4-5cd1d66ac57f,5b0fa12a-3dd7-45bb-9766-cc326314d9f1,14.08291100000497,9.738530924738444e-05,6.91514057337649e-06,6.447316620307692,46.58384865277961,10.0,1.3551501285750747e-05,0.000175075417838,2.0990480555499545e-05,0.0002096173996792,0.0,Türkiye,TUR,istanbul,,,Windows-11-10.0.26200-SP0,3.13.13,3.2.6,16,12th Gen Intel(R) Core(TM) i7-12650H,1,1 x NVIDIA GeForce RTX 3050 Laptop GPU,28.9913,41.0651,15.63100814819336,machine,0.0,52.91666666666666,73.70833333333333,11.521601994832356,N,1.0,0.0
2026-04-29T09:55:07,trove_bug_detection,61a8c638-97d8-488e-a7d0-802bebe2dc2e,5b0fa12a-3dd7-45bb-9766-cc326314d9f1,14.03259300001082,9.88890693139093e-05,7.047098801613719e-06,5.954829669415385,46.83420691645512,10.0,1.3498132651217723e-05,0.000175730418362,2.3625623055542948e-05,0.0002128541740687,0.0,Türkiye,TUR,istanbul,,,Windows-11-10.0.26200-SP0,3.13.13,3.2.6,16,12th Gen Intel(R) Core(TM) i7-12650H,1,1 x NVIDIA GeForce RTX 3050 Laptop GPU,28.9913,41.0651,15.63100814819336,machine,0.0,59.583333333333336,73.09166666666667,11.42589791615804,N,1.0,0.0
2026-04-29T10:03:40,trove_bug_detection,1a00447f-0961-4202-94c1-33fe1bfc0437,5b0fa12a-3dd7-45bb-9766-cc326314d9f1,16.07057929999428,9.983664068480624e-05,6.212385927173253e-06,6.014196814293334,41.30520426314785,10.0,1.5288800435302966e-05,0.0001731804163219,2.6424561111182105e-05,0.0002148937778684,0.0,Türkiye,TUR,istanbul,,,Windows-11-10.0.26200-SP0,3.13.13,3.2.6,16,12th Gen Intel(R) Core(TM) i7-12650H,1,1 x NVIDIA GeForce RTX 3050 Laptop GPU,28.9913,41.0651,15.63100814819336,machine,7.142857142857143,54.42857142857143,74.74285714285715,11.682599476405551,N,1.0,0.0
2026-04-29T10:03:59,trove_bug_detection,3070cf3b-a50e-42b7-8406-2d886dd1ac51,5b0fa12a-3dd7-45bb-9766-cc326314d9f1,14.547799199994188,9.73673810569184e-05,6.692928581043193e-06,6.4475387392000005,45.36697768476888,10.0,1.4325516631434184e-05,0.0001730531939979,2.220009944430785e-05,0.0002095788100737,0.0,Türkiye,TUR,istanbul,,,Windows-11-10.0.26200-SP0,3.13.13,3.2.6,16,12th Gen Intel(R) Core(TM) i7-12650H,1,1 x NVIDIA GeForce RTX 3050 Laptop GPU,28.9913,41.0651,15.63100814819336,machine,4.166666666666667,50.5,74.79166666666667,11.69041919708252,N,1.0,0.0
2026-04-29T10:04:18,trove_bug_detection,e3fab3e8-e5b9-4718-94c0-bbfc8df36d29,5b0fa12a-3dd7-45bb-9766-cc326314d9f1,14.08176440000534,9.778300124092076e-05,6.9439452658989e-06,5.9549310336,45.88568188646126,10.0,1.3497373126522624e-05,0.0001732668052799,2.3709235000084543e-05,0.0002104734134066,0.0,Türkiye,TUR,istanbul,,,Windows-11-10.0.26200-SP0,3.13.13,3.2.6,16,12th Gen Intel(R) Core(TM) i7-12650H,1,1 x NVIDIA GeForce RTX 3050 Laptop GPU,28.9913,41.0651,15.63100814819336,machine,8.333333333333334,57.25,74.875,11.70312754313151,N,1.0,0.0
2026-04-29T10:04:37,trove_bug_detection,4e8d0e49-c2b6-4903-b88e-bb01a94adb64,5b0fa12a-3dd7-45bb-9766-cc326314d9f1,14.21387550001964,9.669592365168082e-05,6.802924624712466e-06,6.461779604430769,45.93832020889267,10.0,1.3751256240438728e-05,0.000173100694036,2.1281578610958403e-05,0.0002081335288873,0.0,Türkiye,TUR,istanbul,,,Windows-11-10.0.26200-SP0,3.13.13,3.2.6,16,12th Gen Intel(R) Core(TM) i7-12650H,1,1 x NVIDIA GeForce RTX 3050 Laptop GPU,28.9913,41.0651,15.63100814819336,machine,0.0,46.41666666666666,74.91666666666667,11.71286137898763,N,1.0,0.0
2026-04-29T10:04:56,trove_bug_detection,74374d34-812a-4dbe-b763-4d5eb7f15068,5b0fa12a-3dd7-45bb-9766-cc326314d9f1,14.084030800004255,9.872462833515828e-05,7.00968563169632e-06,5.942234939076924,45.97511555603209,10.0,1.3554911181036145e-05,0.000175165140132,2.3780171111138767e-05,0.0002125002224241,0.0,Türkiye,TUR,istanbul,,,Windows-11-10.0.26200-SP0,3.13.13,3.2.6,16,12th Gen Intel(R) Core(TM) i7-12650H,1,1 x NVIDIA GeForce RTX 3050 Laptop GPU,28.9913,41.0651,15.63100814819336,machine,0.0,46.41666666666666,74.85833333333333,11.703465461730955,N,1.0,0.0
2026-04-29T10:05:15,trove_bug_detection,ec20bb8a-9b96-4f90-a32a-360765a733e9,5b0fa12a-3dd7-45bb-9766-cc326314d9f1,14.052552299981471,9.83739427364968e-05,7.000432422274388e-06,5.954106183138462,46.72083001675673,10.0,1.3473974491250324e-05,0.00017462236192,2.3649051388848523e-05,0.0002117453878,0.0,Türkiye,TUR,istanbul,,,Windows-11-10.0.26200-SP0,3.13.13,3.2.6,16,12th Gen Intel(R) Core(TM) i7-12650H,1,1 x NVIDIA GeForce RTX 3050 Laptop GPU,28.9913,41.0651,15.63100814819336,machine,0.0,64.5,75.7,11.832889874776203,N,1.0,0.0
2026-04-29T10:05:33,trove_bug_detection,c3f70caf-446f-4846-83bb-905974adeeaa,5b0fa12a-3dd7-45bb-9766-cc326314d9f1,14.025626899994675,9.844112461355486e-05,7.018661291609875e-06,6.4430492918153845,46.5051218836292,10.0,1.5220517750005395e-05,0.000173063749562,2.360572638895569e-05,0.0002118899937009,0.0,Türkiye,TUR,istanbul,,,Windows-11-10.0.26200-SP0,3.13.13,3.2.6,16,12th Gen Intel(R) Core(TM) i7-12650H,1,1 x NVIDIA GeForce RTX 3050 Laptop GPU,28.9913,41.0651,15.63100814819336,machine,0.0,48.333333333333336,75.19166666666666,11.754707972208658,N,1.0,0.0
2026-04-29T10:05:52,trove_bug_detection,00b54f63-9f2f-4d6e-9975-002cc0d24257,5b0fa12a-3dd7-45bb-9766-cc326314d9f1,13.993962299980922,9.838629208317004e-05,7.030624348852517e-06,5.945212977230771,46.578916820730186,10.0,1.3489706613129968e-05,0.0001747626398099,2.351962277777299e-05,0.0002117719692009,0.0,Türkiye,TUR,istanbul,,,Windows-11-10.0.26200-SP0,3.13.13,3.2.6,16,12th Gen Intel(R) Core(TM) i7-12650H,1,1 x NVIDIA GeForce RTX 3050 Laptop GPU,28.9913,41.0651,15.63100814819336,machine,0.0,67.66666666666667,74.84166666666665,11.698426882425943,N,1.0,0.0
2026-04-29T10:06:11,trove_bug_detection,2d9959f4-95e7-4d94-a883-8921469738ac,5b0fa12a-3dd7-45bb-9766-cc326314d9f1,13.98082989998511,9.888031145249106e-05,7.07256380056497e-06,5.947587583015385,46.774032992746456,10.0,1.3546093368765878e-05,0.0001757993073059,2.3489922500044085e-05,0.0002128353231748,0.0,Türkiye,TUR,istanbul,,,Windows-11-10.0.26200-SP0,3.13.13,3.2.6,16,12th Gen Intel(R) Core(TM) i7-12650H,1,1 x NVIDIA GeForce RTX 3050 Laptop GPU,28.9913,41.0651,15.63100814819336,machine,0.0,59.833333333333336,74.65833333333333,11.669269879659018,N,1.0,0.0
2026-04-29T10:06:29,trove_bug_detection,0cf4dbb6-3a03-4d64-8534-1a9aff58725d,5b0fa12a-3dd7-45bb-9766-cc326314d9f1,13.972733800008427,9.824379248002526e-05,7.031107432961044e-06,5.9568511790769225,46.37284198715877,10.0,1.3513994651514124e-05,0.00017449458404,2.34566666667686e-05,0.0002114652453582,0.0,Türkiye,TUR,istanbul,,,Windows-11-10.0.26200-SP0,3.13.13,3.2.6,16,12th Gen Intel(R) Core(TM) i7-12650H,1,1 x NVIDIA GeForce RTX 3050 Laptop GPU,28.9913,41.0651,15.63100814819336,machine,0.0,64.83333333333333,74.58333333333333,11.65791161855062,N,1.0,0.0
2026-04-29T10:11:03,trove_bug_detection,0d35efc7-4719-473f-a695-d54ab9ad978d,5b0fa12a-3dd7-45bb-9766-cc326314d9f1,14.745227400009751,9.456046931745804e-05,6.412954290375711e-06,6.028856466285714,42.50406170190211,10.0,1.4501439727686913e-05,0.00016488624302,2.4149378888816702e-05,0.0002035370616365,0.0,Türkiye,TUR,istanbul,,,Windows-11-10.0.26200-SP0,3.13.13,3.2.6,16,12th Gen Intel(R) Core(TM) i7-12650H,1,1 x NVIDIA GeForce RTX 3050 Laptop GPU,28.9913,41.0651,15.63100814819336,machine,0.0,38.46153846153846,74.34615384615384,11.622762239896334,N,1.0,0.0
2026-04-29T10:11:22,trove_bug_detection,e8d26f20-fcad-4e1b-87f7-5363b4c505d0,5b0fa12a-3dd7-45bb-9766-cc326314d9f1,14.292331500008004,9.708982011241834e-05,6.793140791085343e-06,6.48372068209231,46.04364798089474,10.0,1.400348656996714e-05,0.0001735437499459,2.143413638898184e-05,0.0002089813729049,0.0,Türkiye,TUR,istanbul,,,Windows-11-10.0.26200-SP0,3.13.13,3.2.6,16,12th Gen Intel(R) Core(TM) i7-12650H,1,1 x NVIDIA GeForce RTX 3050 Laptop GPU,28.9913,41.0651,15.63100814819336,machine,0.0,48.0,74.325,11.619627316792808,N,1.0,0.0
2026-04-29T10:11:41,trove_bug_detection,64ac1824-bc6c-447c-ab7d-73508d18b568,5b0fa12a-3dd7-45bb-9766-cc326314d9f1,14.140044700005092,9.662478077984972e-05,6.83341409661986e-06,6.4373755744,45.863525821165496,10.0,1.3607218802108497e-05,0.0001732543052699,2.111887305533552e-05,0.0002079803971274,0.0,Türkiye,TUR,istanbul,,,Windows-11-10.0.26200-SP0,3.13.13,3.2.6,16,12th Gen Intel(R) Core(TM) i7-12650H,1,1 x NVIDIA GeForce RTX 3050 Laptop GPU,28.9913,41.0651,15.63100814819336,machine,0.0,55.333333333333336,74.31666666666666,11.618061065673828,N,1.0,0.0
2026-04-29T10:12:00,trove_bug_detection,657be902-7c7c-4997-83a4-b4e5b1fb63b4,5b0fa12a-3dd7-45bb-9766-cc326314d9f1,14.084630699973786,9.833871576430815e-05,6.981987519523048e-06,6.440795363938463,47.00530168973218,10.0,1.3516193290350328e-05,0.0001771734750719,2.0979895000103475e-05,0.0002116695633624,0.0,Türkiye,TUR,istanbul,,,Windows-11-10.0.26200-SP0,3.13.13,3.2.6,16,12th Gen Intel(R) Core(TM) i7-12650H,1,1 x NVIDIA GeForce RTX 3050 Laptop GPU,28.9913,41.0651,15.63100814819336,machine,0.0,56.91666666666666,73.55833333333334,11.496748606363932,N,1.0,0.0
2026-04-29T10:12:19,trove_bug_detection,ab2f8aa4-3049-4884-a29d-d54f52115f8c,5b0fa12a-3dd7-45bb-9766-cc326314d9f1,14.256583200010937,9.780141234737198e-05,6.860087790691458e-06,6.461587243323079,46.693615885357104,10.0,1.384235699841614e-05,0.000175238195746,2.143248972214577e-05,0.0002105130424665,0.0,Türkiye,TUR,istanbul,,,Windows-11-10.0.26200-SP0,3.13.13,3.2.6,16,12th Gen Intel(R) Core(TM) i7-12650H,1,1 x NVIDIA GeForce RTX 3050 Laptop GPU,28.9913,41.0651,15.63100814819336,machine,0.0,51.75,73.625,11.507012685139976,N,1.0,0.0
2026-04-29T10:12:38,trove_bug_detection,28520adb-3f05-466e-a306-3a934f157727,5b0fa12a-3dd7-45bb-9766-cc326314d9f1,13.940927799994824,9.731035888193376e-05,6.980192443287015e-06,5.952062708676925,45.83762418217907,10.0,1.35468269457827e-05,0.0001725234713519,2.3385774166591653e-05,0.0002094560724643,0.0,Türkiye,TUR,istanbul,,,Windows-11-10.0.26200-SP0,3.13.13,3.2.6,16,12th Gen Intel(R) Core(TM) i7-12650H,1,1 x NVIDIA GeForce RTX 3050 Laptop GPU,28.9913,41.0651,15.63100814819336,machine,0.0,54.583333333333336,73.69166666666666,11.517038663228352,N,1.0,0.0
2026-04-29T10:12:56,trove_bug_detection,5592957d-6c09-471a-8dd5-99305e3e5006,5b0fa12a-3dd7-45bb-9766-cc326314d9f1,14.065353000012692,9.865158786197951e-05,7.013801065774212e-06,5.95239636923077,46.67051033639549,10.0,1.347664376097868e-05,0.0001752270846259,2.363927777761193e-05,0.0002123430061645,0.0,Türkiye,TUR,istanbul,,,Windows-11-10.0.26200-SP0,3.13.13,3.2.6,16,12th Gen Intel(R) Core(TM) i7-12650H,1,1 x NVIDIA GeForce RTX 3050 Laptop GPU,28.9913,41.0651,15.63100814819336,machine,0.0,61.41666666666666,73.74166666666666,11.527164459228516,N,1.0,0.0
2026-04-29T10:13:15,trove_bug_detection,b645b17c-1c61-4320-b5e4-d082bd5de80c,5b0fa12a-3dd7-45bb-9766-cc326314d9f1,14.094901699980255,9.744262784936792e-05,6.913324400801208e-06,6.443066235815385,46.82626022367432,10.0,1.3569249657905972e-05,0.0001751509734539,2.102055222219658e-05,0.000209740775334,0.0,Türkiye,TUR,istanbul,,,Windows-11-10.0.26200-SP0,3.13.13,3.2.6,16,12th Gen Intel(R) Core(TM) i7-12650H,1,1 x NVIDIA GeForce RTX 3050 Laptop GPU,28.9913,41.0651,15.63100814819336,machine,0.0,56.41666666666666,73.73333333333333,11.52600065867106,N,1.0,0.0
2026-04-29T10:13:34,trove_bug_detection,0d351b16-79c5-4e3f-9cf0-5542b9b5c637,5b0fa12a-3dd7-45bb-9766-cc326314d9f1,14.004689800000053,9.840158211827106e-05,7.026330716605426e-06,6.45556053686154,46.16397770529375,10.0,1.519619546127815e-05,0.000173060416226,2.354826861103195e-05,0.0002118048802983,0.0,Türkiye,TUR,istanbul,,,Windows-11-10.0.26200-SP0,3.13.13,3.2.6,16,12th Gen Intel(R) Core(TM) i7-12650H,1,1 x NVIDIA GeForce RTX 3050 Laptop GPU,28.9913,41.0651,15.63100814819336,machine,0.0,58.66666666666666,73.75833333333334,11.529151598612469,N,1.0,0.0
2026-04-29T10:13:52,trove_bug_detection,ebb23b9b-8344-4589-a311-323aa8e17963,5b0fa12a-3dd7-45bb-9766-cc326314d9f1,13.93715230000089,9.790057348687452e-05,7.024431632771084e-06,5.959415867815386,46.22772269176836,10.0,1.3475872562958332e-05,0.0001739262502519,2.3324359444248128e-05,0.0002107264822592,0.0,Türkiye,TUR,istanbul,,,Windows-11-10.0.26200-SP0,3.13.13,3.2.6,16,12th Gen Intel(R) Core(TM) i7-12650H,1,1 x NVIDIA GeForce RTX 3050 Laptop GPU,28.9913,41.0651,15.63100814819336,machine,0.0,61.75,73.77499999999999,11.531189600626629,N,1.0,0.0
2026-04-29T10:31:54,trove_bug_detection,9a5063ca-3175-4258-8aeb-93b873bc3928,5b0fa12a-3dd7-45bb-9766-cc326314d9f1,16.872474100004183,9.952517771559454e-05,5.898671239659504e-06,6.453527207680001,40.9914981478302,10.0,1.6712163606225954e-05,0.000171652637322,2.5858567222328727e-05,0.0002142233681505,0.0,Türkiye,TUR,istanbul,,,Windows-11-10.0.26200-SP0,3.13.13,3.2.6,16,12th Gen Intel(R) Core(TM) i7-12650H,1,1 x NVIDIA GeForce RTX 3050 Laptop GPU,28.9913,41.0651,15.63100814819336,machine,0.0,45.142857142857146,70.61428571428571,11.038330350603376,N,1.0,0.0
2026-04-29T10:32:13,trove_bug_detection,bd3d8fd2-688a-45ec-8655-1b2fb31d0f41,5b0fa12a-3dd7-45bb-9766-cc326314d9f1,14.200573000009172,9.555394017371096e-05,6.728879191962834e-06,6.445252759876923,45.327176113927095,10.0,1.368324145544033e-05,0.00017077930329,2.1212917222227484e-05,0.0002056754619676,0.0,Türkiye,TUR,istanbul,,,Windows-11-10.0.26200-SP0,3.13.13,3.2.6,16,12th Gen Intel(R) Core(TM) i7-12650H,1,1 x NVIDIA GeForce RTX 3050 Laptop GPU,28.9913,41.0651,15.63100814819336,machine,0.0,62.75,70.76666666666667,11.064676920572916,N,1.0,0.0
2026-04-29T10:32:32,trove_bug_detection,04f12bcf-aacd-4eb0-8e3c-31bccd7886ac,5b0fa12a-3dd7-45bb-9766-cc326314d9f1,13.846451299992625,9.532398595175546e-05,6.884362201296028e-06,5.957845192615386,45.14186734135388,10.0,1.3525929851457647e-05,0.0001685495792839,2.310498694439756e-05,0.0002051804960798,0.0,Türkiye,TUR,istanbul,,,Windows-11-10.0.26200-SP0,3.13.13,3.2.6,16,12th Gen Intel(R) Core(TM) i7-12650H,1,1 x NVIDIA GeForce RTX 3050 Laptop GPU,28.9913,41.0651,15.63100814819336,machine,0.0,64.66666666666667,70.55833333333332,11.03006108601888,N,1.0,0.0
2026-04-29T10:32:50,trove_bug_detection,cf0c3bb7-bb18-4fd0-84a6-7556f75747f4,5b0fa12a-3dd7-45bb-9766-cc326314d9f1,13.970886999974027,9.77173253706336e-05,6.9943537136056764e-06,6.453288027815385,45.96419073896619,10.0,1.5153291753391911e-05,0.0001717034706959,2.347528666666929e-05,0.000210332049116,0.0,Türkiye,TUR,istanbul,,,Windows-11-10.0.26200-SP0,3.13.13,3.2.6,16,12th Gen Intel(R) Core(TM) i7-12650H,1,1 x NVIDIA GeForce RTX 3050 Laptop GPU,28.9913,41.0651,15.63100814819336,machine,0.0,46.66666666666666,70.86666666666666,11.077614148457846,N,1.0,0.0
2026-04-29T10:33:09,trove_bug_detection,149b6e24-8cc8-484d-82e9-1af82241b21d,5b0fa12a-3dd7-45bb-9766-cc326314d9f1,13.814896900003076,9.76697324409942e-05,7.069885005147773e-06,6.437674078276924,45.61390269117088,10.0,1.4824695177448758e-05,0.000172377360124,2.3027552222225096e-05,0.0002102296075236,0.0,Türkiye,TUR,istanbul,,,Windows-11-10.0.26200-SP0,3.13.13,3.2.6,16,12th Gen Intel(R) Core(TM) i7-12650H,1,1 x NVIDIA GeForce RTX 3050 Laptop GPU,28.9913,41.0651,15.63100814819336,machine,0.0,51.5,70.85833333333333,11.072233517964682,N,1.0,0.0
2026-04-29T10:33:28,trove_bug_detection,736f0e72-91e4-4d1a-b7cd-6add667eb2ab,5b0fa12a-3dd7-45bb-9766-cc326314d9f1,13.986334499990337,9.835760246205562e-05,7.032407416119183e-06,5.948601837046154,46.71603136846696,10.0,1.3476111857614555e-05,0.000174760973142,2.3473131111192443e-05,0.0002117102161108,0.0,Türkiye,TUR,istanbul,,,Windows-11-10.0.26200-SP0,3.13.13,3.2.6,16,12th Gen Intel(R) Core(TM) i7-12650H,1,1 x NVIDIA GeForce RTX 3050 Laptop GPU,28.9913,41.0651,15.63100814819336,machine,0.0,56.66666666666666,70.78333333333333,11.065388361612955,N,1.0,0.0
2026-04-29T10:33:46,trove_bug_detection,7c023fbd-63b9-415e-9b49-751420d1ad3f,5b0fa12a-3dd7-45bb-9766-cc326314d9f1,13.906564800010528,9.758506723137275e-05,7.017194298860844e-06,5.969448226707693,46.09138950939849,10.0,1.3550692367658756e-05,0.000173218471908,2.327820527781216e-05,0.0002100473695534,0.0,Türkiye,TUR,istanbul,,,Windows-11-10.0.26200-SP0,3.13.13,3.2.6,16,12th Gen Intel(R) Core(TM) i7-12650H,1,1 x NVIDIA GeForce RTX 3050 Laptop GPU,28.9913,41.0651,15.63100814819336,machine,0.0,59.5,70.75833333333334,11.059741973876951,N,1.0,0.0
2026-04-29T10:34:05,trove_bug_detection,c84632f3-a022-45b4-9be7-bafedf1e24e1,5b0fa12a-3dd7-45bb-9766-cc326314d9f1,13.929077800014056,9.813530987829652e-05,7.045355858246228e-06,5.946394001723077,46.70707727034748,10.0,1.348041951127714e-05,0.0001744195839799,2.3331738055599595e-05,0.0002112317415468,0.0,Türkiye,TUR,istanbul,,,Windows-11-10.0.26200-SP0,3.13.13,3.2.6,16,12th Gen Intel(R) Core(TM) i7-12650H,1,1 x NVIDIA GeForce RTX 3050 Laptop GPU,28.9913,41.0651,15.63100814819336,machine,0.0,53.833333333333336,70.70833333333333,11.05314572652181,N,1.0,0.0
2026-04-29T10:34:23,trove_bug_detection,bdd1ab1d-1b6c-43ea-b40c-df28654fff3c,5b0fa12a-3dd7-45bb-9766-cc326314d9f1,13.95436829997925,9.738686659975534e-05,6.978952003144431e-06,5.9538692182153845,46.19073924675876,10.0,1.3487090012852708e-05,0.0001727306937399,2.3402968055759425e-05,0.0002096207518086,0.0,Türkiye,TUR,istanbul,,,Windows-11-10.0.26200-SP0,3.13.13,3.2.6,16,12th Gen Intel(R) Core(TM) i7-12650H,1,1 x NVIDIA GeForce RTX 3050 Laptop GPU,28.9913,41.0651,15.63100814819336,machine,0.0,46.66666666666666,70.64999999999999,11.040943145751951,N,1.0,0.0
2026-04-29T10:34:42,trove_bug_detection,5913edc2-935f-46fe-9c69-7a9bbd4e2eda,5b0fa12a-3dd7-45bb-9766-cc326314d9f1,13.92300210002577,9.797010396126366e-05,7.036564618566158e-06,5.942655139199999,46.27511629402831,10.0,1.3508786906837565e-05,0.00017409875039,2.326860611097396e-05,0.0002108761434078,0.0,Türkiye,TUR,istanbul,,,Windows-11-10.0.26200-SP0,3.13.13,3.2.6,16,12th Gen Intel(R) Core(TM) i7-12650H,1,1 x NVIDIA GeForce RTX 3050 Laptop GPU,28.9913,41.0651,15.63100814819336,machine,0.0,62.41666666666666,70.40833333333333,11.005383173624674,N,1.0,0.0
2026-04-29T10:57:18,trove_bug_detection,4faddabb-025b-45e9-9045-8bf55825f2ee,5b0fa12a-3dd7-45bb-9766-cc326314d9f1,16.505274900002405,9.60853305828056e-05,5.821492290491424e-06,6.69522721728,39.29869615420738,10.0,1.6623888359668488e-05,0.0001653806878599,2.4814679166431434e-05,0.000206819255386,0.0,Türkiye,TUR,istanbul,,,Windows-11-10.0.26200-SP0,3.13.13,3.2.6,16,12th Gen Intel(R) Core(TM) i7-12650H,1,1 x NVIDIA GeForce RTX 3050 Laptop GPU,28.9913,41.0651,15.63100814819336,machine,7.142857142857143,51.142857142857146,73.17142857142858,11.437888281685966,N,1.0,0.0
2026-04-29T10:57:37,trove_bug_detection,90f5c548-234e-4b52-a8ff-dce086fb9f5d,5b0fa12a-3dd7-45bb-9766-cc326314d9f1,13.810940600000322,9.473814468510582e-05,6.859644641806917e-06,5.946126691938461,44.62865201835605,10.0,1.3510152451327937e-05,0.0001673876339099,2.302171333325937e-05,0.0002039194996945,0.0,Türkiye,TUR,istanbul,,,Windows-11-10.0.26200-SP0,3.13.13,3.2.6,16,12th Gen Intel(R) Core(TM) i7-12650H,1,1 x NVIDIA GeForce RTX 3050 Laptop GPU,28.9913,41.0651,15.63100814819336,machine,0.0,52.833333333333336,72.75833333333334,11.37334124247233,N,1.0,0.0
2026-04-29T10:57:55,trove_bug_detection,a096ee24-2b65-4762-b38e-8e201e36aa5e,5b0fa12a-3dd7-45bb-9766-cc326314d9f1,13.77222840001923,9.5723755433385e-05,6.9504914276074125e-06,5.951462353476924,45.646117684474135,10.0,1.3467421531760484e-05,0.000169758191362,2.2815368611029244e-05,0.0002060409815047,0.0,Türkiye,TUR,istanbul,,,Windows-11-10.0.26200-SP0,3.13.13,3.2.6,16,12th Gen Intel(R) Core(TM) i7-12650H,1,1 x NVIDIA GeForce RTX 3050 Laptop GPU,28.9913,41.0651,15.63100814819336,machine,0.0,58.083333333333336,72.74166666666666,11.36969312032064,N,1.0,0.0
2026-04-29T10:58:14,trove_bug_detection,842722b0-d2e7-474e-8991-fbbac9e5cc21,5b0fa12a-3dd7-45bb-9766-cc326314d9f1,13.783292799984338,9.684434341093948e-05,7.026212445479611e-06,5.952587777723077,45.94441604022923,10.0,1.3508642986806936e-05,0.000172009026496,2.293532611098877e-05,0.0002084529955937,0.0,Türkiye,TUR,istanbul,,,Windows-11-10.0.26200-SP0,3.13.13,3.2.6,16,12th Gen Intel(R) Core(TM) i7-12650H,1,1 x NVIDIA GeForce RTX 3050 Laptop GPU,28.9913,41.0651,15.63100814819336,machine,0.0,56.91666666666666,72.69166666666666,11.360889752705893,N,1.0,0.0
2026-04-29T10:58:32,trove_bug_detection,999e021d-f933-4b88-9fb9-5db3f7df7805,5b0fa12a-3dd7-45bb-9766-cc326314d9f1,13.82537589999265,9.776465169452465e-05,7.071391939120919e-06,6.441982330092308,46.3033590072974,10.0,1.4845687422709768e-05,0.000172550693596,2.3037535833120475e-05,0.0002104339168518,0.0,Türkiye,TUR,istanbul,,,Windows-11-10.0.26200-SP0,3.13.13,3.2.6,16,12th Gen Intel(R) Core(TM) i7-12650H,1,1 x NVIDIA GeForce RTX 3050 Laptop GPU,28.9913,41.0651,15.63100814819336,machine,0.0,50.91666666666666,72.56666666666666,11.339155197143556,N,1.0,0.0
2026-04-29T10:58:51,trove_bug_detection,3b86f6a9-e3d1-488c-bb5a-7bfa0aa4b19c,5b0fa12a-3dd7-45bb-9766-cc326314d9f1,13.853785999992397,9.817189351676988e-05,7.086286269819944e-06,6.444588978953847,46.16411781367184,10.0,1.4917734492980156e-05,0.00017324736082,2.3145390833330265e-05,0.0002113104861463,0.0,Türkiye,TUR,istanbul,,,Windows-11-10.0.26200-SP0,3.13.13,3.2.6,16,12th Gen Intel(R) Core(TM) i7-12650H,1,1 x NVIDIA GeForce RTX 3050 Laptop GPU,28.9913,41.0651,15.63100814819336,machine,0.0,44.91666666666666,72.39166666666667,11.316980679829916,N,1.0,0.0
2026-04-29T10:59:09,trove_bug_detection,3eaad0b7-8fbd-4e94-8d45-5205432f6caa,5b0fa12a-3dd7-45bb-9766-cc326314d9f1,13.98529419998522,9.787498335128575e-05,6.998421481286335e-06,5.9588961984,46.4028891357894,10.0,1.3559483193493748e-05,0.0001735806944199,2.3531223055680228e-05,0.0002106714006691,0.0,Türkiye,TUR,istanbul,,,Windows-11-10.0.26200-SP0,3.13.13,3.2.6,16,12th Gen Intel(R) Core(TM) i7-12650H,1,1 x NVIDIA GeForce RTX 3050 Laptop GPU,28.9913,41.0651,15.63100814819336,machine,0.0,49.083333333333336,72.25833333333334,11.29531987508138,N,1.0,0.0
2026-04-29T10:59:28,trove_bug_detection,a9ff7262-f7fe-44b9-b10f-b4dc9ea82607,5b0fa12a-3dd7-45bb-9766-cc326314d9f1,13.961352899990745,9.901525291516026e-05,7.092095846615689e-06,6.456122656738462,46.68454654358126,10.0,1.513019631785479e-05,0.000174562361872,2.3433220277769987e-05,0.0002131257784676,0.0,Türkiye,TUR,istanbul,,,Windows-11-10.0.26200-SP0,3.13.13,3.2.6,16,12th Gen Intel(R) Core(TM) i7-12650H,1,1 x NVIDIA GeForce RTX 3050 Laptop GPU,28.9913,41.0651,15.63100814819336,machine,0.0,46.25,72.15833333333333,11.280704180399576,N,1.0,0.0
2026-04-29T10:59:47,trove_bug_detection,0861c0ab-ad82-4342-9db9-96749cddbbdd,5b0fa12a-3dd7-45bb-9766-cc326314d9f1,14.104510400007712,9.75634170224335e-05,6.917178565969944e-06,6.458223728246155,46.87883118856712,10.0,1.3586378164930407e-05,0.0001753865291979,2.102786111144168e-05,0.0002100007684743,0.0,Türkiye,TUR,istanbul,,,Windows-11-10.0.26200-SP0,3.13.13,3.2.6,16,12th Gen Intel(R) Core(TM) i7-12650H,1,1 x NVIDIA GeForce RTX 3050 Laptop GPU,28.9913,41.0651,15.63100814819336,machine,0.0,64.08333333333333,72.06666666666666,11.2632687886556,N,1.0,0.0
2026-04-29T11:00:05,trove_bug_detection,d1a12322-f7b9-4f45-8325-ea3c60f6d9b8,5b0fa12a-3dd7-45bb-9766-cc326314d9f1,13.96579310001107,9.926671362259432e-05,7.107846501214144e-06,6.450262116676923,46.882039111086335,10.0,1.5104931511386116e-05,0.000175150695676,2.3411408889013627e-05,0.0002136670360764,0.0,Türkiye,TUR,istanbul,,,Windows-11-10.0.26200-SP0,3.13.13,3.2.6,16,12th Gen Intel(R) Core(TM) i7-12650H,1,1 x NVIDIA GeForce RTX 3050 Laptop GPU,28.9913,41.0651,15.63100814819336,machine,3.333333333333333,47.5,71.46666666666667,11.171815236409506,N,1.0,0.0
2026-04-29T11:02:46,trove_bug_detection,6f209c03-6e3e-4327-ac4d-758ab33b182d,5b0fa12a-3dd7-45bb-9766-cc326314d9f1,14.8528551000054,9.707345004270248e-05,6.535676096555145e-06,6.4862940139428575,43.38034134891443,10.0,1.5930341971687657e-05,0.0001685418014999,2.447399361101108e-05,0.0002089461370826,0.0,Türkiye,TUR,istanbul,,,Windows-11-10.0.26200-SP0,3.13.13,3.2.6,16,12th Gen Intel(R) Core(TM) i7-12650H,1,1 x NVIDIA GeForce RTX 3050 Laptop GPU,28.9913,41.0651,15.63100814819336,machine,0.0,53.53846153846154,72.43076923076923,11.323150341327374,N,1.0,0.0
2026-04-29T11:03:05,trove_bug_detection,0e1a8a77-5fbe-4f6a-9adf-5d1df1a947ae,5b0fa12a-3dd7-45bb-9766-cc326314d9f1,14.21423000001232,9.55718833499246e-05,6.723676439022145e-06,6.4963221508923095,45.17942281321557,10.0,1.3817937626776115e-05,0.0001706004142579,2.129573194453972e-05,0.0002057140838293,0.0,Türkiye,TUR,istanbul,,,Windows-11-10.0.26200-SP0,3.13.13,3.2.6,16,12th Gen Intel(R) Core(TM) i7-12650H,1,1 x NVIDIA GeForce RTX 3050 Laptop GPU,28.9913,41.0651,15.63100814819336,machine,0.0,67.16666666666667,72.31666666666668,11.304621060689293,N,1.0,0.0
2026-04-29T11:03:24,trove_bug_detection,4c385ce7-aae8-4c8b-b5c2-c2cf67ffd7f3,5b0fa12a-3dd7-45bb-9766-cc326314d9f1,14.3388016000099,9.646700543070604e-05,6.727689532341351e-06,6.478791112369232,45.49420713652465,10.0,1.4032229503387556e-05,0.0001720090264959,2.159953694467226e-05,0.000207640792944,0.0,Türkiye,TUR,istanbul,,,Windows-11-10.0.26200-SP0,3.13.13,3.2.6,16,12th Gen Intel(R) Core(TM) i7-12650H,1,1 x NVIDIA GeForce RTX 3050 Laptop GPU,28.9913,41.0651,15.63100814819336,machine,1.925,53.833333333333336,72.425,11.321820576985678,N,1.0,0.0
2026-04-29T11:03:43,trove_bug_detection,1964398e-047e-488c-802e-32aa280a2a22,5b0fa12a-3dd7-45bb-9766-cc326314d9f1,14.037562900019113,9.92544566250504e-05,7.070633081538339e-06,5.950621728738463,46.66379470773124,10.0,1.350708106542105e-05,0.000176595419054,2.353815333343745e-05,0.0002136406534528,0.0,Türkiye,TUR,istanbul,,,Windows-11-10.0.26200-SP0,3.13.13,3.2.6,16,12th Gen Intel(R) Core(TM) i7-12650H,1,1 x NVIDIA GeForce RTX 3050 Laptop GPU,28.9913,41.0651,15.63100814819336,machine,5.558333333333334,59.583333333333336,72.24166666666666,11.29510752360026,N,1.0,0.0
2026-04-29T11:04:02,trove_bug_detection,576e73a9-5141-4e45-b519-b2e379b21e9b,5b0fa12a-3dd7-45bb-9766-cc326314d9f1,14.153893300011989,9.84328809727936e-05,6.954473860044588e-06,6.454707814646155,46.86903294621695,10.0,1.3652176559338668e-05,0.0001771190305839,2.1101042499988883e-05,0.0002118722496433,0.0,Türkiye,TUR,istanbul,,,Windows-11-10.0.26200-SP0,3.13.13,3.2.6,16,12th Gen Intel(R) Core(TM) i7-12650H,1,1 x NVIDIA GeForce RTX 3050 Laptop GPU,28.9913,41.0651,15.63100814819336,machine,0.0,56.083333333333336,72.3,11.300762494405111,N,1.0,0.0
2026-04-29T11:04:20,trove_bug_detection,97cd0f5f-90ba-4330-b779-090b35c82c90,5b0fa12a-3dd7-45bb-9766-cc326314d9f1,14.057033599994613,9.97697657233526e-05,7.097497847866768e-06,6.451352938092308,47.00697787047371,10.0,1.5260478859261376e-05,0.00017584319623,2.3646157500075384e-05,0.0002147498325893,0.0,Türkiye,TUR,istanbul,,,Windows-11-10.0.26200-SP0,3.13.13,3.2.6,16,12th Gen Intel(R) Core(TM) i7-12650H,1,1 x NVIDIA GeForce RTX 3050 Laptop GPU,28.9913,41.0651,15.63100814819336,machine,5.558333333333334,63.833333333333336,71.89999999999999,11.23803679148356,N,1.0,0.0
2026-04-29T11:04:39,trove_bug_detection,e80f6a87-c2bd-4b1b-b7a2-8a1a9bc607ff,5b0fa12a-3dd7-45bb-9766-cc326314d9f1,13.891424800007371,9.912112487291628e-05,7.135418166239051e-06,6.447929485784616,46.94450114289488,10.0,1.498578894923339e-05,0.00017518764015,2.318023388870643e-05,0.0002133536629879,0.0,Türkiye,TUR,istanbul,,,Windows-11-10.0.26200-SP0,3.13.13,3.2.6,16,12th Gen Intel(R) Core(TM) i7-12650H,1,1 x NVIDIA GeForce RTX 3050 Laptop GPU,28.9913,41.0651,15.63100814819336,machine,0.0,64.16666666666667,71.28333333333333,11.1401637395223,N,1.0,0.0
2026-04-29T11:04:58,trove_bug_detection,34f85a10-999f-4321-b242-537159b165bc,5b0fa12a-3dd7-45bb-9766-cc326314d9f1,14.00120650001918,9.923980699463556e-05,7.087946813333522e-06,5.949031443692307,47.31271287432296,10.0,1.3539632918887629e-05,0.0001765145856559,2.3554902222208004e-05,0.000213609120797,0.0,Türkiye,TUR,istanbul,,,Windows-11-10.0.26200-SP0,3.13.13,3.2.6,16,12th Gen Intel(R) Core(TM) i7-12650H,1,1 x NVIDIA GeForce RTX 3050 Laptop GPU,28.9913,41.0651,15.63100814819336,machine,0.0,45.5,71.58333333333333,11.1883274714152,N,1.0,0.0
2026-04-29T11:05:16,trove_bug_detection,7e04fc1e-8e8a-45a7-acbd-06f6887411b0,5b0fa12a-3dd7-45bb-9766-cc326314d9f1,13.918515599973034,9.825298561720778e-05,7.059156913068959e-06,5.953043051815385,46.9113778639326,10.0,1.3477755358925428e-05,0.0001746865286379,2.3320749166386025e-05,0.0002114850331633,0.0,Türkiye,TUR,istanbul,,,Windows-11-10.0.26200-SP0,3.13.13,3.2.6,16,12th Gen Intel(R) Core(TM) i7-12650H,1,1 x NVIDIA GeForce RTX 3050 Laptop GPU,28.9913,41.0651,15.63100814819336,machine,0.0,51.25,71.425,11.166715621948242,N,1.0,0.0
2026-04-29T11:05:35,trove_bug_detection,6ae71f75-3ebd-4b2f-abfb-bd4900829014,5b0fa12a-3dd7-45bb-9766-cc326314d9f1,14.028314900002442,9.86224813665348e-05,7.030244335798139e-06,5.9560813395692325,46.79858535361336,10.0,1.350713730638315e-05,0.000175165140132,2.36080783332808e-05,0.0002122803557716,0.0,Türkiye,TUR,istanbul,,,Windows-11-10.0.26200-SP0,3.13.13,3.2.6,16,12th Gen Intel(R) Core(TM) i7-12650H,1,1 x NVIDIA GeForce RTX 3050 Laptop GPU,28.9913,41.0651,15.63100814819336,machine,0.0,63.333333333333336,71.25833333333334,11.139577229817707,N,1.0,0.0
2026-04-29T11:07:12,trove_bug_detection,6e5f9640-df40-4def-995b-4164ec26609d,5b0fa12a-3dd7-45bb-9766-cc326314d9f1,15.616253299987877,0.0001109771396244,7.106515083519591e-06,6.014135206613334,45.79807278006341,10.0,1.530989835263104e-05,0.0001983290475519,2.523424361125864e-05,0.0002388731895158,0.0,Türkiye,TUR,istanbul,,,Windows-11-10.0.26200-SP0,3.13.13,3.2.6,16,12th Gen Intel(R) Core(TM) i7-12650H,1,1 x NVIDIA GeForce RTX 3050 Laptop GPU,28.9913,41.0651,15.63100814819336,machine,0.0,49.57142857142857,71.59285714285714,11.18948745727539,N,1.0,0.0
2026-04-29T11:07:31,trove_bug_detection,98e0561c-b044-44e7-a9a5-e2b042e7584f,5b0fa12a-3dd7-45bb-9766-cc326314d9f1,14.395819299999856,0.0001024816546219,7.118848360506861e-06,6.443653370338462,48.517292064560735,10.0,1.4068664596004025e-05,0.000184683203302,2.1835180833457143e-05,0.0002205870487314,0.0,Türkiye,TUR,istanbul,,,Windows-11-10.0.26200-SP0,3.13.13,3.2.6,16,12th Gen Intel(R) Core(TM) i7-12650H,1,1 x NVIDIA GeForce RTX 3050 Laptop GPU,28.9913,41.0651,15.63100814819336,machine,8.333333333333334,52.75,71.59166666666665,11.188995679219564,N,1.0,0.0
2026-04-29T11:07:51,trove_bug_detection,51476a89-dae9-4145-9de0-758acadeac04,5b0fa12a-3dd7-45bb-9766-cc326314d9f1,15.589959700009786,0.0001144870545924,7.343640188652317e-06,6.020549584853334,46.884758571276734,10.0,1.5303405051275977e-05,0.0002059307203,2.5193994722212668e-05,0.0002464281200734,0.0,Türkiye,TUR,istanbul,,,Windows-11-10.0.26200-SP0,3.13.13,3.2.6,16,12th Gen Intel(R) Core(TM) i7-12650H,1,1 x NVIDIA GeForce RTX 3050 Laptop GPU,28.9913,41.0651,15.63100814819336,machine,0.0,55.5,71.62857142857142,11.196138654436384,N,1.0,0.0
2026-04-29T11:08:10,trove_bug_detection,325b323c-8a17-48e7-84e8-2e5e43e4b323,5b0fa12a-3dd7-45bb-9766-cc326314d9f1,14.34091939998325,0.0001008981718502,7.03568362920656e-06,6.442722385969232,48.09595957238311,10.0,1.3985505250206272e-05,0.0001814884785239,2.1704691111032543e-05,0.0002171786748852,0.0,Türkiye,TUR,istanbul,,,Windows-11-10.0.26200-SP0,3.13.13,3.2.6,16,12th Gen Intel(R) Core(TM) i7-12650H,1,1 x NVIDIA GeForce RTX 3050 Laptop GPU,28.9913,41.0651,15.63100814819336,machine,0.0,54.66666666666666,71.71666666666667,11.210490226745604,N,1.0,0.0
2026-04-29T11:08:29,trove_bug_detection,7c8d85bc-aa3a-482a-91aa-e3b68e456917,5b0fa12a-3dd7-45bb-9766-cc326314d9f1,13.924494099977892,9.878693707902192e-05,7.094472256566848e-06,6.448057156184617,46.44644827380285,10.0,1.5049212500949428e-05,0.0001742587505179,2.3326376110991178e-05,0.0002126343391299,0.0,Türkiye,TUR,istanbul,,,Windows-11-10.0.26200-SP0,3.13.13,3.2.6,16,12th Gen Intel(R) Core(TM) i7-12650H,1,1 x NVIDIA GeForce RTX 3050 Laptop GPU,28.9913,41.0651,15.63100814819336,machine,8.333333333333334,53.91666666666666,71.66666666666667,11.201468785603842,N,1.0,0.0
2026-04-29T11:08:48,trove_bug_detection,411045fe-3428-40fd-99e8-05f99ce61b6b,5b0fa12a-3dd7-45bb-9766-cc326314d9f1,14.272985500021605,0.0001029053705234,7.209799976553596e-06,6.456908348800001,48.96398024190808,10.0,1.3909799958890874e-05,0.0001860951488759,2.1494128888945043e-05,0.0002214990777238,0.0,Türkiye,TUR,istanbul,,,Windows-11-10.0.26200-SP0,3.13.13,3.2.6,16,12th Gen Intel(R) Core(TM) i7-12650H,1,1 x NVIDIA GeForce RTX 3050 Laptop GPU,28.9913,41.0651,15.63100814819336,machine,0.0,64.58333333333333,71.56666666666666,11.18523120880127,N,1.0,0.0
2026-04-29T11:09:06,trove_bug_detection,6e12adc0-cf3c-432c-93ad-b69182a202a1,5b0fa12a-3dd7-45bb-9766-cc326314d9f1,14.091244500014,9.901014654554816e-05,7.0263592790154045e-06,6.439195749907692,47.43493739527257,10.0,1.3513171011537751e-05,0.0001786212540079,2.098036222232622e-05,0.0002131147872418,0.0,Türkiye,TUR,istanbul,,,Windows-11-10.0.26200-SP0,3.13.13,3.2.6,16,12th Gen Intel(R) Core(TM) i7-12650H,1,1 x NVIDIA GeForce RTX 3050 Laptop GPU,28.9913,41.0651,15.63100814819336,machine,0.0,59.583333333333336,71.55833333333334,11.187089284261068,N,1.0,0.0
2026-04-29T11:09:26,trove_bug_detection,524617cf-ca16-42d3-a993-f5cc806b76c5,5b0fa12a-3dd7-45bb-9766-cc326314d9f1,14.583143399999244,0.0001043130175155,7.152985790127803e-06,6.445496438153845,49.05926965758195,10.0,1.4437720188677912e-05,0.0001877182057299,2.237304722212785e-05,0.0002245289731407,0.0,Türkiye,TUR,istanbul,,,Windows-11-10.0.26200-SP0,3.13.13,3.2.6,16,12th Gen Intel(R) Core(TM) i7-12650H,1,1 x NVIDIA GeForce RTX 3050 Laptop GPU,28.9913,41.0651,15.63100814819336,machine,0.0,47.0,71.19166666666666,11.127083460489908,N,1.0,0.0
2026-04-29T11:09:46,trove_bug_detection,159a23f9-bebc-4f59-af9f-d644ab07e4de,5b0fa12a-3dd7-45bb-9766-cc326314d9f1,15.580042099987622,0.0001124766255938,7.219276101567741e-06,6.491180782171428,49.55016321895253,10.0,1.536478918047552e-05,0.000203034606872,2.3701368055481e-05,0.0002421007641079,0.0,Türkiye,TUR,istanbul,,,Windows-11-10.0.26200-SP0,3.13.13,3.2.6,16,12th Gen Intel(R) Core(TM) i7-12650H,1,1 x NVIDIA GeForce RTX 3050 Laptop GPU,28.9913,41.0651,15.63100814819336,machine,0.0,61.38461538461539,71.46923076923078,11.172984490027794,N,1.0,0.0
2026-04-29T11:10:07,trove_bug_detection,353403c4-0a83-4be2-898b-174d36fbb6d2,5b0fa12a-3dd7-45bb-9766-cc326314d9f1,16.19650220000767,0.0001148582194677,7.091544708195511e-06,6.4945889267200005,47.69118187933177,10.0,1.5598022652542957e-05,0.000207599332746,2.402968000015892e-05,0.0002472270353987,0.0,Türkiye,TUR,istanbul,,,Windows-11-10.0.26200-SP0,3.13.13,3.2.6,16,12th Gen Intel(R) Core(TM) i7-12650H,1,1 x NVIDIA GeForce RTX 3050 Laptop GPU,28.9913,41.0651,15.63100814819336,machine,0.0,52.35714285714285,71.12142857142858,11.115387235369,N,1.0,0.0
2026-04-30T17:10:55,trove_bug_detection,feffc22a-bd2f-4558-8d66-5bd3faef5c38,5b0fa12a-3dd7-45bb-9766-cc326314d9f1,9.267942799982848,3.058978154539772e-05,3.3006010293302984e-06,6.440081672800001,18.202256294679927,10.0,9.380003701822255e-06,4.187947794799529e-05,1.4583616388861426e-05,6.584309803867898e-05,0.0,Türkiye,TUR,istanbul,,,Windows-11-10.0.26200-SP0,3.13.13,3.2.6,16,12th Gen Intel(R) Core(TM) i7-12650H,1,1 x NVIDIA GeForce RTX 3050 Laptop GPU,28.9913,41.0651,15.63100814819336,machine,0.0,26.428571428571427,71.18571428571428,11.127488817487444,N,1.0,0.0
2026-04-30T17:11:04,trove_bug_detection,445a0b80-91dc-459f-8e9a-24998728c16b,5b0fa12a-3dd7-45bb-9766-cc326314d9f1,4.655646100000013,1.9800697004523434e-05,4.253050291886099e-06,4.820537856,24.950333327703653,10.0,5.394447508480657e-06,2.7075021660001586e-05,1.0150620555537494e-05,4.262008972401974e-05,0.0,Türkiye,TUR,istanbul,,,Windows-11-10.0.26200-SP0,3.13.13,3.2.6,16,12th Gen Intel(R) Core(TM) i7-12650H,1,1 x NVIDIA GeForce RTX 3050 Laptop GPU,28.9913,41.0651,15.63100814819336,machine,0.0,43.333333333333336,72.06666666666666,11.265060424804688,N,1.0,0.0
